timestamp,value
1489047978848,9.125499725341797
1489047978849,9.101557731628418
1489047978900,8.9866361618042
1489047978919,9.015366554260254
1489047978962,9.192537307739258
1489047979013,9.17817211151123
1489047979042,9.249998092651367
1489047979081,9.149441719055176
1489047979132,9.063250541687012
1489047979165,9.130288124084473
1489047979216,9.187748908996582
1489047979250,9.273940086364746
1489047979291,9.091980934143066
1489047979334,9.163806915283203
1489047979368,9.05367374420166
1489047979403,8.92917537689209
1489047979443,8.948328971862793
1489047979484,8.905233383178711
1489047979524,9.106346130371094
1489047979568,9.11113452911377
1489047979605,9.206902503967285
1489047979644,9.168595314025879
1489047979685,9.436745643615723
1489047979725,9.403226852416992
1489047979765,9.20211410522461
1489047979817,9.063250541687012
1489047979851,9.068038940429688
1489047979886,9.130288124084473
1489047979926,9.26915168762207
1489047979967,9.187748908996582
1489047980008,8.96269416809082
1489047980047,8.914810180664063
1489047980088,8.948328971862793
1489047980128,9.1446533203125
1489047980168,9.336189270019531
1489047980208,9.082404136657715
1489047980249,9.001001358032227
1489047980290,9.192537307739258
1489047980332,9.17817211151123
1489047980370,9.307458877563477
1489047980410,9.135076522827148
1489047980452,9.091980934143066
1489047980490,9.024943351745605
1489047980539,9.063250541687012
1489047980571,9.034520149230957
1489047980611,9.173383712768555
1489047980651,9.101557731628418
1489047980693,9.135076522827148
1489047980732,9.05367374420166
1489047980772,9.077615737915039
1489047980813,9.044096946716309
1489047980853,9.068038940429688
1489047980893,9.024943351745605
1489047980933,9.139864921569824
1489047980984,9.149441719055176
1489047981014,9.120711326599121
1489047981058,9.1446533203125
1489047981095,9.163806915283203
1489047981135,9.08719253540039
1489047981176,9.082404136657715
1489047981222,9.068038940429688
1489047981268,9.05367374420166
1489047981295,9.154230117797852
1489047981337,9.182960510253906
1489047981377,9.159018516540527
1489047981418,9.163806915283203
1489047981458,9.139864921569824
1489047981497,9.034520149230957
1489047981542,8.99621295928955
1489047981580,9.101557731628418
1489047981619,9.044096946716309
1489047981659,9.096769332885742
1489047981698,9.034520149230957
1489047981740,9.115922927856445
1489047981779,9.163806915283203
1489047981819,9.187748908996582
1489047981859,9.149441719055176
1489047981900,9.135076522827148
1489047981941,9.077615737915039
1489047981981,9.05367374420166
1489047982020,9.125499725341797
1489047982061,9.163806915283203
1489047982101,9.082404136657715
1489047982142,9.05367374420166
1489047982182,9.048885345458984
1489047982223,9.058462142944336
1489047982263,9.072827339172363
1489047982303,9.11113452911377
1489047982344,9.072827339172363
1489047982389,9.115922927856445
1489047982423,9.115922927856445
1489047982464,9.091980934143066
1489047982504,9.139864921569824
1489047982544,9.139864921569824
1489047982585,9.101557731628418
1489047982625,9.096769332885742
1489047982666,9.039308547973633
1489047982705,9.005789756774902
1489047982745,9.068038940429688
1489047982786,9.120711326599121
1489047982826,9.17817211151123
1489047982866,9.139864921569824
1489047982907,9.077615737915039
1489047982947,9.039308547973633
1489047982987,9.077615737915039
1489047983031,9.08719253540039
1489047983068,9.039308547973633
1489047983109,9.039308547973633
1489047983149,9.08719253540039
1489047983189,9.096769332885742
1489047983229,9.106346130371094
1489047983269,9.139864921569824
1489047983310,9.192537307739258
1489047983350,9.072827339172363
1489047983391,9.106346130371094
1489047983432,9.05367374420166
1489047983470,9.08719253540039
1489047983510,9.106346130371094
1489047983552,9.072827339172363
1489047983591,9.096769332885742
1489047983631,9.125499725341797
1489047983673,9.08719253540039
1489047983712,9.106346130371094
1489047983767,9.115922927856445
1489047983795,9.082404136657715
1489047983833,9.05367374420166
1489047983874,9.077615737915039
1489047983914,9.08719253540039
1489047983954,9.034520149230957
1489047983994,9.029731750488281
1489047984034,9.163806915283203
1489047984075,9.192537307739258
1489047984114,9.077615737915039
1489047984155,9.130288124084473
1489047984195,9.068038940429688
1489047984236,9.130288124084473
1489047984276,9.115922927856445
1489047984321,9.072827339172363
1489047984361,9.120711326599121
1489047984396,9.077615737915039
1489047984437,9.039308547973633
1489047984477,9.068038940429688
1489047984518,9.063250541687012
1489047984558,9.077615737915039
1489047984598,9.11113452911377
1489047984641,9.130288124084473
1489047984678,9.149441719055176
1489047984719,9.068038940429688
1489047984759,9.101557731628418
1489047984800,9.063250541687012
1489047984839,9.154230117797852
1489047984880,9.058462142944336
1489047984921,9.039308547973633
1489047984960,9.082404136657715
1489047985003,9.11113452911377
1489047985041,9.130288124084473
1489047985082,9.096769332885742
1489047985122,9.130288124084473
1489047985161,9.106346130371094
1489047985202,9.08719253540039
1489047985242,9.058462142944336
1489047985282,9.106346130371094
1489047985323,9.106346130371094
1489047985363,9.120711326599121
1489047985403,9.029731750488281
1489047985443,9.135076522827148
1489047985483,9.082404136657715
1489047985527,9.115922927856445
1489047985564,9.091980934143066
1489047985605,9.130288124084473
1489047985645,9.091980934143066
1489047985686,9.120711326599121
1489047985725,9.08719253540039
1489047985770,9.125499725341797
1489047985805,9.154230117797852
1489047985848,9.139864921569824
1489047985886,9.08719253540039
1489047985927,9.120711326599121
1489047985967,9.029731750488281
1489047986007,8.99621295928955
1489047986048,9.063250541687012
1489047986088,9.091980934143066
1489047986128,9.077615737915039
1489047986168,9.11113452911377
1489047986208,9.1446533203125
1489047986249,9.173383712768555
1489047986291,9.11113452911377
1489047986341,9.077615737915039
1489047986370,9.101557731628418
1489047986410,9.17817211151123
1489047986450,9.034520149230957
1489047986491,9.135076522827148
1489047986531,9.063250541687012
1489047986570,9.115922927856445
1489047986611,9.135076522827148
1489047986651,9.139864921569824
1489047986691,9.154230117797852
1489047986733,9.068038940429688
1489047986772,9.058462142944336
1489047986812,9.077615737915039
1489047986852,9.063250541687012
1489047986892,9.106346130371094
1489047986933,9.11113452911377
1489047986975,9.106346130371094
1489047987013,9.125499725341797
1489047987054,9.173383712768555
1489047987095,9.058462142944336
1489047987134,9.058462142944336
1489047987174,9.106346130371094
1489047987215,9.17817211151123
1489047987255,9.091980934143066
1489047987297,9.139864921569824
1489047987336,9.063250541687012
1489047987376,9.08719253540039
1489047987416,9.091980934143066
1489047987457,9.091980934143066
1489047987498,9.130288124084473
1489047987537,9.096769332885742
1489047987578,9.096769332885742
1489047987619,9.048885345458984
1489047987657,9.096769332885742
1489047987698,9.120711326599121
1489047987741,9.091980934143066
1489047987779,9.072827339172363
1489047987819,9.058462142944336
1489047987859,9.221267700195313
1489047987899,9.091980934143066
1489047987940,9.058462142944336
1489047987980,9.120711326599121
1489047988021,9.130288124084473
1489047988060,9.096769332885742
1489047988101,9.068038940429688
1489047988141,9.024943351745605
1489047988181,9.096769332885742
1489047988223,9.082404136657715
1489047988261,9.20211410522461
1489047988302,9.135076522827148
1489047988344,9.130288124084473
1489047988382,9.115922927856445
1489047988423,9.058462142944336
1489047988463,9.048885345458984
1489047988503,9.077615737915039
1489047988554,9.068038940429688
1489047988586,9.091980934143066
1489047988624,9.068038940429688
1489047988664,9.197325706481934
1489047988704,9.115922927856445
1489047988750,9.11113452911377
1489047988785,9.072827339172363
1489047988825,9.096769332885742
1489047988867,9.11113452911377
1489047988906,9.120711326599121
1489047988946,9.120711326599121
1489047988986,9.11113452911377
1489047989026,9.068038940429688
1489047989067,9.11113452911377
1489047989107,9.063250541687012
1489047989147,9.072827339172363
1489047989188,9.091980934143066
1489047989228,9.072827339172363
1489047989270,9.135076522827148
1489047989308,9.115922927856445
1489047989349,9.106346130371094
1489047989389,9.08719253540039
1489047989429,9.091980934143066
1489047989469,9.139864921569824
1489047989509,9.072827339172363
1489047989550,9.096769332885742
1489047989591,9.120711326599121
1489047989630,9.182960510253906
1489047989670,9.091980934143066
1489047989711,9.11113452911377
1489047989751,9.034520149230957
1489047989792,9.058462142944336
1489047989832,9.101557731628418
1489047989872,9.11113452911377
1489047989912,9.115922927856445
1489047989952,9.115922927856445
1489047990003,9.058462142944336
1489047990033,9.048885345458984
1489047990073,9.08719253540039
1489047990113,9.106346130371094
1489047990153,9.077615737915039
1489047990194,9.082404136657715
1489047990234,9.101557731628418
1489047990276,9.130288124084473
1489047990315,9.015366554260254
1489047990355,9.077615737915039
1489047990395,9.120711326599121
1489047990436,9.154230117797852
1489047990477,9.077615737915039
1489047990518,9.101557731628418
1489047990559,9.106346130371094
1489047990597,9.096769332885742
1489047990637,9.091980934143066
1489047990678,9.068038940429688
1489047990718,9.096769332885742
1489047990758,9.115922927856445
1489047990798,9.101557731628418
1489047990838,9.029731750488281
1489047990878,9.058462142944336
1489047990920,9.058462142944336
1489047990959,9.120711326599121
1489047991000,9.039308547973633
1489047991042,9.206902503967285
1489047991082,9.130288124084473
1489047991124,9.082404136657715
1489047991161,9.063250541687012
1489047991201,9.168595314025879
1489047991241,9.130288124084473
1489047991282,9.039308547973633
1489047991322,9.068038940429688
1489047991362,9.05367374420166
1489047991402,9.096769332885742
1489047991442,9.101557731628418
1489047991482,9.154230117797852
1489047991523,9.1446533203125
1489047991563,9.106346130371094
1489047991603,9.101557731628418
1489047991643,9.048885345458984
1489047991683,9.068038940429688
1489047991723,9.082404136657715
1489047991765,9.063250541687012
1489047991804,9.034520149230957
1489047991845,9.1446533203125
1489047991886,9.106346130371094
1489047991925,9.149441719055176
1489047991965,9.096769332885742
1489047992005,9.096769332885742
1489047992047,9.130288124084473
1489047992090,9.149441719055176
1489047992127,9.08719253540039
1489047992168,9.077615737915039
1489047992207,9.115922927856445
1489047992254,9.091980934143066
1489047992290,9.08719253540039
1489047992328,9.096769332885742
1489047992369,9.044096946716309
1489047992409,9.08719253540039
1489047992449,9.115922927856445
1489047992502,9.1446533203125
1489047992535,9.091980934143066
1489047992570,9.029731750488281
1489047992611,9.135076522827148
1489047992650,9.135076522827148
1489047992690,9.044096946716309
1489047992731,9.077615737915039
1489047992771,9.101557731628418
1489047992812,9.130288124084473
1489047992852,9.135076522827148
1489047992892,9.11113452911377
1489047992934,9.029731750488281
1489047992973,9.063250541687012
1489047993015,9.106346130371094
1489047993053,9.11113452911377
1489047993097,9.068038940429688
1489047993133,9.08719253540039
1489047993174,9.063250541687012
1489047993214,9.101557731628418
1489047993255,9.106346130371094
1489047993295,9.082404136657715
1489047993334,9.091980934143066
1489047993378,9.015366554260254
1489047993415,9.120711326599121
1489047993455,9.139864921569824
1489047993496,9.044096946716309
1489047993537,9.034520149230957
1489047993577,9.130288124084473
1489047993616,9.163806915283203
1489047993659,9.048885345458984
1489047993697,9.101557731628418
1489047993739,9.082404136657715
1489047993778,9.091980934143066
1489047993818,9.101557731628418
1489047993859,9.149441719055176
1489047993899,9.125499725341797
1489047993946,9.058462142944336
1489047993982,9.101557731628418
1489047994019,9.11113452911377
1489047994060,9.08719253540039
1489047994100,9.005789756774902
1489047994140,9.044096946716309
1489047994180,9.039308547973633
1489047994227,9.163806915283203
1489047994261,9.130288124084473
1489047994302,9.173383712768555
1489047994342,9.082404136657715
1489047994384,9.091980934143066
1489047994423,9.072827339172363
1489047994462,8.991424560546875
1489047994503,9.05367374420166
1489047994543,9.091980934143066
1489047994584,9.101557731628418
1489047994624,9.125499725341797
1489047994664,9.125499725341797
1489047994704,9.139864921569824
1489047994744,9.082404136657715
1489047994784,9.082404136657715
1489047994825,9.058462142944336
1489047994865,9.082404136657715
1489047994908,9.125499725341797
1489047994946,9.072827339172363
1489047994986,9.005789756774902
1489047995038,9.11113452911377
1489047995078,9.077615737915039
1489047995109,9.106346130371094
1489047995147,9.082404136657715
1489047995189,9.11113452911377
1489047995228,9.125499725341797
1489047995269,9.115922927856445
1489047995308,9.120711326599121
1489047995348,9.106346130371094
1489047995391,9.101557731628418
1489047995429,9.091980934143066
1489047995470,9.010578155517578
1489047995510,9.101557731628418
1489047995550,9.072827339172363
1489047995590,9.072827339172363
1489047995630,9.096769332885742
1489047995671,9.135076522827148
1489047995711,9.068038940429688
1489047995751,9.072827339172363
1489047995791,9.08719253540039
1489047995832,9.077615737915039
1489047995872,9.024943351745605
1489047995912,9.08719253540039
1489047995952,9.096769332885742
1489047995993,9.168595314025879
1489047996033,9.077615737915039
1489047996074,9.101557731628418
1489047996118,9.063250541687012
1489047996162,9.096769332885742
1489047996194,9.096769332885742
1489047996234,9.096769332885742
1489047996274,9.072827339172363
1489047996315,9.058462142944336
1489047996355,9.034520149230957
1489047996396,9.029731750488281
1489047996435,9.11113452911377
1489047996478,9.08719253540039
1489047996516,9.101557731628418
1489047996557,9.029731750488281
1489047996596,9.168595314025879
1489047996637,9.106346130371094
1489047996678,8.99621295928955
1489047996717,9.077615737915039
1489047996757,9.120711326599121
1489047996798,9.154230117797852
1489047996838,9.082404136657715
1489047996878,9.072827339172363
1489047996919,9.048885345458984
1489047996965,9.11113452911377
1489047997001,9.072827339172363
1489047997042,9.096769332885742
1489047997079,9.08719253540039
1489047997120,9.082404136657715
1489047997161,9.044096946716309
1489047997201,9.072827339172363
1489047997241,9.101557731628418
1489047997282,9.082404136657715
1489047997322,9.068038940429688
1489047997361,9.015366554260254
1489047997402,9.125499725341797
1489047997442,9.096769332885742
1489047997484,9.015366554260254
1489047997522,9.058462142944336
1489047997563,9.11113452911377
1489047997607,9.154230117797852
1489047997645,9.08719253540039
1489047997685,9.115922927856445
1489047997724,9.058462142944336
1489047997764,9.077615737915039
1489047997804,9.048885345458984
1489047997844,9.096769332885742
1489047997888,9.08719253540039
1489047997925,9.039308547973633
1489047997965,9.08719253540039
1489047998006,9.096769332885742
1489047998047,9.125499725341797
1489047998089,9.096769332885742
1489047998126,9.072827339172363
1489047998167,9.072827339172363
1489047998208,9.015366554260254
1489047998247,9.120711326599121
1489047998287,9.063250541687012
1489047998328,9.058462142944336
1489047998369,9.125499725341797
1489047998408,9.106346130371094
1489047998448,9.091980934143066
1489047998489,9.106346130371094
1489047998529,9.077615737915039
1489047998569,9.115922927856445
1489047998611,9.082404136657715
1489047998650,9.125499725341797
1489047998690,9.101557731628418
1489047998730,9.091980934143066
1489047998771,9.08719253540039
1489047998815,9.010578155517578
1489047998852,8.981847763061523
1489047998892,9.044096946716309
1489047998933,9.05367374420166
1489047998972,9.091980934143066
1489047999012,9.091980934143066
1489047999053,9.211690902709961
1489047999093,9.05367374420166
1489047999134,9.058462142944336
1489047999173,9.115922927856445
1489047999214,9.115922927856445
1489047999254,9.058462142944336
1489047999295,9.082404136657715
1489047999334,9.072827339172363
1489047999375,9.106346130371094
1489047999416,9.130288124084473
1489047999461,9.072827339172363
1489047999496,9.077615737915039
1489047999541,9.077615737915039
1489047999580,9.02015495300293
1489047999616,9.024943351745605
1489047999656,9.010578155517578
1489047999697,9.11113452911377
1489047999737,9.101557731628418
1489047999777,9.05367374420166
1489047999817,9.072827339172363
1489047999862,9.168595314025879
1489047999898,9.068038940429688
1489047999938,9.044096946716309
1489047999978,9.044096946716309
1489048000019,9.082404136657715
1489048000059,9.11113452911377
1489048000102,9.077615737915039
1489048000144,9.106346130371094
1489048000180,9.05367374420166
1489048000220,9.101557731628418
1489048000261,9.091980934143066
1489048000301,9.11113452911377
1489048000342,9.11113452911377
1489048000382,9.034520149230957
1489048000422,9.024943351745605
1489048000462,9.010578155517578
1489048000502,9.091980934143066
1489048000543,9.101557731628418
1489048000582,9.05367374420166
1489048000623,9.091980934143066
1489048000663,9.091980934143066
1489048000703,9.11113452911377
1489048000744,9.048885345458984
1489048000785,9.068038940429688
1489048000825,9.072827339172363
1489048000865,9.125499725341797
1489048000905,9.05367374420166
1489048000945,9.034520149230957
1489048000991,9.05367374420166
1489048001025,9.039308547973633
1489048001066,9.115922927856445
1489048001106,9.154230117797852
1489048001147,9.120711326599121
1489048001187,9.077615737915039
1489048001230,9.029731750488281
1489048001277,9.048885345458984
1489048001308,9.063250541687012
1489048001347,9.106346130371094
1489048001388,9.05367374420166
1489048001428,9.101557731628418
1489048001468,9.063250541687012
1489048001509,9.08719253540039
1489048001550,9.068038940429688
1489048001589,9.044096946716309
1489048001631,9.072827339172363
1489048001670,9.082404136657715
1489048001711,9.149441719055176
1489048001751,9.11113452911377
1489048001791,9.072827339172363
1489048001830,9.115922927856445
1489048001871,9.08719253540039
1489048001912,9.063250541687012
1489048001952,9.048885345458984
1489048001992,9.048885345458984
1489048002032,9.072827339172363
1489048002077,9.072827339172363
1489048002117,9.058462142944336
1489048002154,9.130288124084473
1489048002194,9.082404136657715
1489048002237,9.130288124084473
1489048002274,9.005789756774902
1489048002314,9.058462142944336
1489048002354,9.068038940429688
1489048002397,9.05367374420166
1489048002434,9.101557731628418
1489048002475,9.135076522827148
1489048002515,9.159018516540527
1489048002558,9.091980934143066
1489048002596,9.072827339172363
1489048002636,9.05367374420166
1489048002677,9.08719253540039
1489048002716,9.068038940429688
1489048002757,9.048885345458984
1489048002797,9.063250541687012
1489048002837,9.072827339172363
1489048002879,9.077615737915039
1489048002921,9.05367374420166
1489048002965,9.082404136657715
1489048003006,9.101557731628418
1489048003038,9.05367374420166
1489048003079,9.077615737915039
1489048003120,9.091980934143066
1489048003160,9.139864921569824
1489048003201,9.015366554260254
1489048003251,9.063250541687012
1489048003279,9.115922927856445
1489048003320,9.135076522827148
1489048003360,9.101557731628418
1489048003400,9.068038940429688
1489048003441,9.063250541687012
1489048003495,9.015366554260254
1489048003525,9.077615737915039
1489048003562,9.005789756774902
1489048003602,8.790311813354492
1489048003642,8.732851028442383
1489048003683,8.766369819641113
1489048003723,8.483853340148926
1489048003763,8.32104778289795
1489048003805,7.51659631729126
1489048003844,5.960365295410156
1489048003883,4.274847030639648
1489048003925,5.146336555480957
1489048003965,4.351461410522461
1489048004007,2.823961019515991
1489048004047,2.1727380752563477
1489048004090,1.5310919284820557
1489048004125,1.5693992376327515
1489048004165,0.15682020783424377
1489048004211,1.1815385818481445
1489048004246,2.1727380752563477
1489048004287,2.2589292526245117
1489048004326,2.182314872741699
1489048004370,1.4113819599151611
1489048004407,-0.25737667083740234
1489048004447,0.46806642413139343
1489048004487,0.25258827209472656
1489048004531,-0.1951274424791336
1489048004568,0.8032546639442444
1489048004608,-0.11372458189725876
1489048004648,-0.7793126702308655
1489048004689,0.5877765417098999
1489048004733,-0.14245499670505524
1489048004770,0.09935937076807022
1489048004810,0.37229835987091064
1489048004851,0.017956512048840523
1489048004890,-0.4345476031303406
1489048004930,-0.09457096457481384
1489048004971,-0.5973533391952515
1489048005011,0.7649474143981934
1489048005053,0.4297592043876648
1489048005092,0.3627215623855591
1489048005133,-0.04668693244457245
1489048005172,0.06584054976701736
1489048005212,0.5925649404525757
1489048005258,-0.5877765417098999
1489048005293,-0.013168109580874443
1489048005334,0.46327802538871765
1489048005374,0.3818751573562622
1489048005414,-0.28131869435310364
1489048005454,0.5207388401031494
1489048005494,0.3292027413845062
1489048005536,-0.5351040959358215
1489048005577,0.03232172131538391
1489048005615,0.6931213736534119
1489048005656,0.2669534981250763
1489048005695,0.6356605291366577
1489048005737,0.19033902883529663
1489048005779,-0.30047231912612915
1489048005816,-0.152031809091568
1489048005857,0.1711854189634323
1489048005897,0.34356793761253357
1489048005937,0.1041477769613266
1489048005980,0.13766659796237946
1489048006018,0.4345476031303406
1489048006058,0.43933600187301636
1489048006098,0.707486629486084
1489048006139,0.5829881429672241
1489048006179,0.4920084476470947
1489048006219,0.750582218170166
1489048006260,0.6931213736534119
1489048006301,1.0235211849212646
1489048006346,1.0761936902999878
1489048006380,0.37229835987091064
1489048006421,0.1472434103488922
1489048006461,-0.1759738177061081
1489048006501,0.6835445761680603
1489048006541,0.9038111567497253
1489048006582,0.5351040959358215
1489048006622,0.07541735470294952
1489048006662,0.39624038338661194
1489048006704,0.7314286231994629
1489048006742,0.5590460896492004
1489048006783,0.5111620426177979
1489048006823,0.42018240690231323
1489048006864,0.5973533391952515
1489048006904,0.5015852451324463
1489048006944,0.48722004890441895
1489048006984,0.4776432514190674
1489048007025,0.5398924946784973
1489048007066,0.606930136680603
1489048007107,0.4489128291606903
1489048007145,0.46327802538871765
1489048007187,0.6212953329086304
1489048007229,0.5734112858772278
1489048007266,0.5063736438751221
1489048007306,0.4728548228740692
1489048007347,0.5207388401031494
1489048007387,0.44412440061569214
1489048007427,0.424970805644989
1489048007474,0.52552729845047
1489048007515,0.39624038338661194
1489048007550,0.3770867586135864
1489048007590,0.5159504413604736
1489048007629,0.45848962664604187
1489048007669,0.3196259140968323
1489048007709,0.36750996112823486
1489048007754,0.3866635859012604
1489048007789,0.3531447649002075
1489048007830,0.4106055796146393
1489048007870,0.4489128291606903
1489048007912,0.3100491166114807
1489048007954,0.424970805644989
1489048007996,0.3196259140968323
1489048008035,0.32441434264183044
1489048008072,0.27653029561042786
1489048008112,0.3148375153541565
1489048008152,0.3531447649002075
1489048008193,0.3531447649002075
1489048008233,0.3196259140968323
1489048008273,0.22864626348018646
1489048008313,0.22864626348018646
1489048008354,0.3627215623855591
1489048008394,0.32441434264183044
1489048008435,0.20470423996448517
1489048008475,0.3531447649002075
1489048008515,0.3818751573562622
1489048008555,0.243011474609375
1489048008595,0.2669534981250763
1489048008635,0.3387795388698578
1489048008680,0.25737667083740234
1489048008717,0.4106055796146393
1489048008762,0.2861070930957794
1489048008796,0.2908954918384552
1489048008837,0.3866635859012604
1489048008878,0.18555063009262085
1489048008917,0.36750996112823486
1489048008957,0.39624038338661194
1489048008997,0.30526071786880493
1489048009038,0.29568392038345337
1489048009078,0.3196259140968323
1489048009118,0.3770867586135864
1489048009159,0.2621650993824005
1489048009201,0.30526071786880493
1489048009240,0.2861070930957794
1489048009280,0.3866635859012604
1489048009322,0.3770867586135864
1489048009361,0.1999158412218094
1489048009401,0.4106055796146393
1489048009441,0.3196259140968323
1489048009481,0.1999158412218094
1489048009521,0.37229835987091064
1489048009562,0.2908954918384552
1489048009601,0.23343466222286224
1489048009642,0.3627215623855591
1489048009682,0.34356793761253357
1489048009726,0.22385786473751068
1489048009763,0.3148375153541565
1489048009803,0.34835633635520935
1489048009844,0.2717418968677521
1489048009884,0.2908954918384552
1489048009924,0.3627215623855591
1489048009964,0.333991140127182
1489048010005,0.28131869435310364
1489048010046,0.24779987335205078
1489048010084,0.30047231912612915
1489048010126,0.25258827209472656
1489048010165,0.28131869435310364
1489048010205,0.2908954918384552
1489048010246,0.28131869435310364
1489048010286,0.30526071786880493
1489048010327,0.32441434264183044
1489048010367,0.2861070930957794
1489048010408,0.3100491166114807
1489048010449,0.4106055796146393
1489048010488,0.21428105235099792
1489048010528,0.22864626348018646
1489048010568,0.4297592043876648
1489048010608,0.27653029561042786
1489048010649,0.2908954918384552
1489048010689,0.2621650993824005
1489048010730,0.2621650993824005
1489048010770,0.23822307586669922
1489048010809,0.23822307586669922
1489048010849,0.3100491166114807
1489048010890,0.3148375153541565
1489048010931,0.2908954918384552
1489048010973,0.27653029561042786
1489048011011,0.29568392038345337
1489048011052,0.3100491166114807
1489048011091,0.30526071786880493
1489048011132,0.2621650993824005
1489048011172,0.20949265360832214
1489048011213,0.32441434264183044
1489048011253,0.3100491166114807
1489048011293,0.22385786473751068
1489048011333,0.24779987335205078
1489048011389,0.3292027413845062
1489048011415,0.28131869435310364
1489048011454,0.25258827209472656
1489048011494,0.3292027413845062
1489048011535,0.24779987335205078
1489048011575,0.25737667083740234
1489048011615,0.25258827209472656
1489048011655,0.30526071786880493
1489048011695,0.25258827209472656
1489048011735,0.25258827209472656
1489048011776,0.34835633635520935
1489048011816,0.22864626348018646
1489048011857,0.1999158412218094
1489048011900,0.3531447649002075
1489048011937,0.29568392038345337
1489048011981,0.1951274424791336
1489048012017,0.1951274424791336
1489048012058,0.3579331636428833
1489048012102,0.27653029561042786
1489048012139,0.1999158412218094
1489048012179,0.2908954918384552
1489048012218,0.27653029561042786
1489048012259,0.2621650993824005
1489048012300,0.19033902883529663
1489048012340,0.32441434264183044
1489048012380,0.25258827209472656
1489048012422,0.20949265360832214
1489048012461,0.333991140127182
1489048012500,0.27653029561042786
1489048012541,0.2190694510936737
1489048012581,0.3292027413845062
1489048012623,0.21428105235099792
1489048012662,0.29568392038345337
1489048012702,0.21428105235099792
1489048012743,0.2908954918384552
1489048012782,0.23822307586669922
1489048012823,0.1999158412218094
1489048012863,0.2669534981250763
1489048012904,0.29568392038345337
1489048012945,0.20470423996448517
1489048012983,0.27653029561042786
1489048013024,0.2861070930957794
1489048013064,0.23343466222286224
1489048013112,0.30526071786880493
1489048013150,0.2717418968677521
1489048013185,0.23822307586669922
1489048013225,0.22385786473751068
1489048013265,0.3100491166114807
1489048013306,0.20470423996448517
1489048013346,0.2717418968677521
1489048013390,0.22864626348018646
1489048013428,0.2717418968677521
1489048013467,0.23343466222286224
1489048013507,0.34356793761253357
1489048013553,0.23822307586669922
1489048013588,0.20949265360832214
1489048013628,0.2669534981250763
1489048013668,0.3292027413845062
1489048013709,0.18555063009262085
1489048013749,0.2908954918384552
1489048013790,0.3148375153541565
1489048013830,0.18555063009262085
1489048013873,0.23822307586669922
1489048013909,0.30526071786880493
1489048013954,0.23822307586669922
1489048013993,0.20470423996448517
1489048014031,0.2669534981250763
1489048014075,0.2908954918384552
1489048014112,0.2190694510936737
1489048014152,0.2669534981250763
1489048014198,0.3148375153541565
1489048014240,0.22385786473751068
1489048014272,0.28131869435310364
1489048014312,0.27653029561042786
1489048014353,0.23822307586669922
1489048014395,0.25737667083740234
1489048014434,0.25737667083740234
1489048014481,0.24779987335205078
1489048014515,0.2190694510936737
1489048014554,0.30047231912612915
1489048014597,0.2190694510936737
1489048014635,0.25258827209472656
1489048014675,0.25258827209472656
1489048014716,0.2669534981250763
1489048014763,0.22385786473751068
1489048014797,0.2861070930957794
1489048014836,0.20949265360832214
1489048014876,0.28131869435310364
1489048014920,0.2717418968677521
1489048014957,0.333991140127182
1489048014998,0.2717418968677521
1489048015044,0.22385786473751068
1489048015083,0.48722004890441895
1489048015120,-0.39145198464393616
1489048015159,0.37229835987091064
1489048015198,-0.30047231912612915
1489048015238,-0.9564836025238037
1489048015279,0.6787561774253845
1489048015333,0.9469067454338074
1489048015365,0.2190694510936737
1489048015400,0.5446808934211731
1489048015441,0.6596025824546814
1489048015480,0.8702923059463501
1489048015537,0.3627215623855591
1489048015733,0.9564836025238037
1489048015795,0.4967968463897705
1489048015823,0.6931213736534119
1489048015871,0.27653029561042786
1489048015885,0.52552729845047
1489048015982,0.6260837316513062
1489048016024,0.424970805644989
1489048016045,0.4489128291606903
1489048016084,0.42018240690231323
1489048016124,0.2861070930957794
1489048016164,0.3387795388698578
1489048016205,0.2717418968677521
1489048016245,0.30526071786880493
1489048016285,0.2669534981250763
1489048016325,0.3100491166114807
1489048016366,0.3148375153541565
1489048016406,0.3196259140968323
1489048016446,0.3627215623855591
1489048016487,0.3196259140968323
1489048016527,0.27653029561042786
1489048016567,0.28131869435310364
1489048016608,0.2717418968677521
1489048016648,0.2669534981250763
1489048016688,0.24779987335205078
1489048016728,0.25258827209472656
1489048016769,0.24779987335205078
1489048016809,0.3100491166114807
1489048016849,0.2861070930957794
1489048016889,0.2717418968677521
1489048016930,0.2861070930957794
1489048016970,0.22385786473751068
1489048017010,0.20470423996448517
1489048017050,0.22864626348018646
1489048017091,0.24779987335205078
1489048017131,0.25258827209472656
1489048017171,0.25737667083740234
1489048017211,0.23822307586669922
1489048017252,0.25258827209472656
1489048017292,0.25737667083740234
1489048017332,0.2861070930957794
1489048017372,0.2717418968677521
1489048017413,0.27653029561042786
1489048017453,0.2861070930957794
1489048017496,0.21428105235099792
1489048017534,0.22385786473751068
1489048017575,0.23822307586669922
1489048017615,0.30047231912612915
1489048017654,0.25258827209472656
1489048017698,0.25737667083740234
1489048017735,0.22864626348018646
1489048017776,0.28131869435310364
1489048017816,0.2669534981250763
1489048017857,0.2861070930957794
1489048017896,0.25737667083740234
1489048017939,0.2621650993824005
1489048017976,0.25737667083740234
1489048018016,0.2717418968677521
1489048018057,0.28131869435310364
1489048018097,0.2908954918384552
1489048018137,0.2717418968677521
1489048018178,0.2908954918384552
1489048018225,0.2669534981250763
1489048018259,0.25258827209472656
1489048018299,0.2669534981250763
1489048018339,0.2621650993824005
1489048018381,0.2908954918384552
1489048018424,0.2717418968677521
1489048018464,0.25737667083740234
1489048018508,0.28131869435310364
1489048018540,0.243011474609375
1489048018581,0.29568392038345337
1489048018622,0.27653029561042786
1489048018663,0.243011474609375
1489048018704,0.24779987335205078
1489048018753,0.25737667083740234
1489048018782,0.2669534981250763
1489048018822,0.2669534981250763
1489048018863,0.2908954918384552
1489048018904,0.25737667083740234
1489048018948,0.2908954918384552
1489048018984,0.23822307586669922
1489048019024,0.23343466222286224
1489048019064,0.2669534981250763
1489048019104,0.23343466222286224
1489048019144,0.2621650993824005
1489048019185,0.2621650993824005
1489048019226,0.25258827209472656
1489048019265,0.2621650993824005
1489048019305,0.243011474609375
1489048019346,0.22864626348018646
1489048019386,0.23822307586669922
1489048019427,0.28131869435310364
1489048019469,0.24779987335205078
1489048019508,0.2621650993824005
1489048019548,0.2669534981250763
1489048019588,0.2717418968677521
1489048019628,0.25258827209472656
1489048019671,0.25737667083740234
1489048019709,0.2669534981250763
1489048019749,0.2717418968677521
1489048019790,0.25258827209472656
1489048019830,0.28131869435310364
1489048019869,0.25258827209472656
1489048019909,0.24779987335205078
1489048019950,0.28131869435310364
1489048019991,0.24779987335205078
1489048020030,0.23343466222286224
1489048020071,0.27653029561042786
1489048020111,0.25737667083740234
1489048020151,0.20949265360832214
1489048020201,0.2669534981250763
1489048020232,0.23343466222286224
1489048020273,0.243011474609375
1489048020313,0.25737667083740234
1489048020353,0.27653029561042786
1489048020395,0.23343466222286224
1489048020433,0.25258827209472656
1489048020473,0.2669534981250763
1489048020515,0.23822307586669922
1489048020554,0.23343466222286224
1489048020594,0.243011474609375
1489048020635,0.243011474609375
1489048020675,0.2190694510936737
1489048020716,0.243011474609375
1489048020756,0.2669534981250763
1489048020795,0.21428105235099792
1489048020835,0.243011474609375
1489048020876,0.23822307586669922
1489048020917,0.2190694510936737
1489048020958,0.22864626348018646
1489048020997,0.23343466222286224
1489048021037,0.23822307586669922
1489048021077,0.22864626348018646
1489048021120,0.1951274424791336
1489048021158,0.23343466222286224
1489048021199,0.243011474609375
1489048021240,0.21428105235099792
1489048021279,0.23343466222286224
1489048021319,0.22864626348018646
1489048021359,0.23343466222286224
1489048021400,0.243011474609375
1489048021441,0.2190694510936737
1489048021480,0.2621650993824005
1489048021521,0.24779987335205078
1489048021562,0.25737667083740234
1489048021601,0.23822307586669922
1489048021643,0.2621650993824005
1489048021682,0.22864626348018646
1489048021722,0.23822307586669922
1489048021763,0.23343466222286224
1489048021803,0.2621650993824005
1489048021843,0.25737667083740234
1489048021882,0.25258827209472656
1489048021923,0.27653029561042786
1489048021963,0.27653029561042786
1489048022003,0.24779987335205078
1489048022049,0.2717418968677521
1489048022085,0.24779987335205078
1489048022124,0.24779987335205078
1489048022164,0.22864626348018646
1489048022204,0.23822307586669922
1489048022245,0.24779987335205078
1489048022285,0.25258827209472656
1489048022325,0.24779987335205078
1489048022368,0.20949265360832214
1489048022406,0.243011474609375
1489048022446,0.23343466222286224
1489048022486,0.23822307586669922
1489048022527,0.1999158412218094
1489048022569,0.22864626348018646
1489048022608,0.25737667083740234
1489048022648,0.25258827209472656
1489048022688,0.23343466222286224
1489048022728,0.22864626348018646
1489048022771,0.28131869435310364
1489048022809,0.25737667083740234
1489048022849,0.22385786473751068
1489048022889,0.23822307586669922
1489048022930,0.24779987335205078
1489048022970,0.23343466222286224
1489048023010,0.24779987335205078
1489048023050,0.23822307586669922
1489048023091,0.243011474609375
1489048023132,0.24779987335205078
1489048023172,0.25737667083740234
1489048023212,0.2190694510936737
1489048023252,0.243011474609375
1489048023292,0.23343466222286224
1489048023332,0.22385786473751068
1489048023372,0.2621650993824005
1489048023413,0.25258827209472656
1489048023454,0.22864626348018646
1489048023498,0.25737667083740234
1489048023539,0.24779987335205078
1489048023574,0.23343466222286224
1489048023614,0.25737667083740234
1489048023654,0.2190694510936737
1489048023698,0.22385786473751068
1489048023735,0.21428105235099792
1489048023776,0.2190694510936737
1489048023815,0.20470423996448517
1489048023855,0.20949265360832214
1489048023896,0.22864626348018646
1489048023936,0.18555063009262085
1489048023976,0.1711854189634323
1489048024020,0.1999158412218094
1489048024058,0.1759738177061081
1489048024097,0.20949265360832214
1489048024137,0.1951274424791336
1489048024178,0.16639702022075653
1489048024222,0.1999158412218094
1489048024259,0.1759738177061081
1489048024299,0.22385786473751068
1489048024339,0.19033902883529663
1489048024380,0.1951274424791336
1489048024419,0.2190694510936737
1489048024459,0.19033902883529663
1489048024500,0.1759738177061081
1489048024541,0.19033902883529663
1489048024581,0.152031809091568
1489048024622,0.1999158412218094
1489048024666,0.18076223134994507
1489048024710,0.1951274424791336
1489048024743,0.19033902883529663
1489048024782,0.1999158412218094
1489048024823,0.18555063009262085
1489048024863,0.20470423996448517
1489048024903,0.1951274424791336
1489048024951,0.1999158412218094
1489048024983,0.19033902883529663
1489048025023,0.21428105235099792
1489048025065,0.20949265360832214
1489048025104,0.2190694510936737
1489048025148,0.1999158412218094
1489048025185,0.20949265360832214
1489048025225,0.243011474609375
1489048025265,0.19033902883529663
1489048025305,0.23822307586669922
1489048025345,0.2190694510936737
1489048025386,0.22385786473751068
1489048025426,0.20949265360832214
1489048025466,0.2190694510936737
1489048025507,0.20470423996448517
1489048025549,0.1999158412218094
1489048025587,0.22864626348018646
1489048025628,0.1999158412218094
1489048025671,0.22864626348018646
1489048025708,0.21428105235099792
1489048025748,0.23343466222286224
1489048025788,0.1999158412218094
1489048025829,0.243011474609375
1489048025873,0.1472434103488922
1489048025910,0.30526071786880493
1489048025951,0.20470423996448517
1489048025991,0.4297592043876648
1489048026030,0.9133879542350769
1489048026071,1.6508020162582397
1489048026112,2.0195090770721436
1489048026152,1.4209587574005127
1489048026193,1.2198457717895508
1489048026231,1.5598224401474
1489048026272,1.2102689743041992
1489048026315,1.2054805755615234
1489048026352,1.6364368200302124
1489048026392,1.7753005027770996
1489048026433,0.750582218170166
1489048026473,0.5303156971931458
1489048026515,1.5598224401474
1489048026554,-0.8798691034317017
1489048026594,-0.017956512048840523
1489048026637,1.4736311435699463
1489048026680,2.9532477855682373
1489048026714,-0.8702923059463501
1489048026754,2.2637176513671875
1489048026794,1.96683669090271
1489048026840,-0.16639702022075653
1489048026875,2.6132712364196777
1489048026923,2.651578426361084
1489048026955,1.8758569955825806
1489048026996,1.6603789329528809
1489048027036,2.5941176414489746
1489048027077,2.4839842319488525
1489048027121,2.426523447036743
1489048027157,2.3977930545806885
1489048027197,1.8758569955825806
1489048027238,1.6412252187728882
1489048027278,1.5119383335113525
1489048027318,1.8471266031265259
1489048027358,2.761711597442627
1489048027399,2.5941176414489746
1489048027441,2.2445640563964844
1489048027480,1.3060370683670044
1489048027519,0.8176198601722717
1489048027560,1.4065934419631958
1489048027600,1.4544775485992432
1489048027641,1.157596468925476
1489048027681,0.8846575021743774
1489048027722,1.3539210557937622
1489048027761,1.291671872138977
1489048027801,1.0761936902999878
1489048027844,1.315613865852356
1489048027882,1.43532395362854
1489048027923,0.8846575021743774
1489048027964,1.1959037780761719
1489048028003,1.5119383335113525
1489048028043,1.1336544752120972
1489048028083,1.157596468925476
1489048028123,1.291671872138977
1489048028164,1.258152961730957
1489048028204,1.2246341705322266
1489048028244,1.2342109680175781
1489048028287,1.3395558595657349
1489048028325,1.2246341705322266
1489048028365,1.315613865852356
1489048028406,1.315613865852356
1489048028445,1.282094955444336
1489048028486,1.2246341705322266
1489048028526,1.4209587574005127
1489048028566,1.2294225692749023
1489048028607,1.2868833541870117
1489048028647,1.291671872138977
1489048028687,1.238999366760254
1489048028728,1.3251906633377075
1489048028768,1.2868833541870117
1489048028808,1.2485761642456055
1489048028849,1.3251906633377075
1489048028895,1.2868833541870117
1489048028929,1.3108254671096802
1489048028970,1.3251906633377075
1489048029010,1.3682862520217896
1489048029050,1.2246341705322266
1489048029092,1.3060370683670044
1489048029130,1.3443442583084106
1489048029171,1.3204022645950317
1489048029211,1.334767460823059
1489048029252,1.3251906633377075
1489048029296,1.3060370683670044
1489048029332,1.291671872138977
1489048029373,1.358709454536438
1489048029414,1.358709454536438
1489048029453,1.2773065567016602
1489048029495,1.3299790620803833
1489048029533,1.291671872138977
1489048029574,1.3491326570510864
1489048029615,1.3204022645950317
1489048029654,1.3395558595657349
1489048029694,1.3204022645950317
1489048029734,1.3682862520217896
1489048029774,1.3443442583084106
1489048029817,1.3060370683670044
1489048029855,1.3251906633377075
1489048029896,1.358709454536438
1489048029937,1.282094955444336
1489048029977,1.3395558595657349
1489048030017,1.3539210557937622
1489048030059,1.315613865852356
1489048030097,1.3539210557937622
1489048030137,1.3443442583084106
1489048030178,1.3204022645950317
1489048030219,1.3299790620803833
1489048030259,1.3634978532791138
1489048030299,1.3778630495071411
1489048030338,1.3299790620803833
1489048030379,1.3299790620803833
1489048030419,1.3491326570510864
1489048030460,1.382651448249817
1489048030500,1.315613865852356
1489048030543,1.3443442583084106
1489048030580,1.3395558595657349
1489048030621,1.3491326570510864
1489048030662,1.3204022645950317
1489048030702,1.3539210557937622
1489048030743,1.282094955444336
1489048030782,1.3922282457351685
1489048030823,1.3730746507644653
1489048030862,1.315613865852356
1489048030902,1.3970166444778442
1489048030943,1.3443442583084106
1489048030983,1.315613865852356
1489048031023,1.3682862520217896
1489048031064,1.3395558595657349
1489048031105,1.3251906633377075
1489048031145,1.3730746507644653
1489048031184,1.3299790620803833
1489048031224,1.3443442583084106
1489048031268,1.3970166444778442
1489048031306,1.3443442583084106
1489048031346,1.358709454536438
1489048031385,1.3443442583084106
1489048031426,1.382651448249817
1489048031466,1.334767460823059
1489048031507,1.3634978532791138
1489048031547,1.3539210557937622
1489048031588,1.3730746507644653
1489048031627,1.3539210557937622
1489048031668,1.3060370683670044
1489048031708,1.40180504322052
1489048031749,1.3443442583084106
1489048031788,1.3539210557937622
1489048031829,1.3634978532791138
1489048031870,1.382651448249817
1489048031910,1.3778630495071411
1489048031950,1.3682862520217896
1489048032003,1.358709454536438
1489048032030,1.3730746507644653
1489048032070,1.3778630495071411
1489048032112,1.3443442583084106
1489048032151,1.3634978532791138
1489048032193,1.3539210557937622
1489048032231,1.382651448249817
1489048032271,1.358709454536438
1489048032312,1.3395558595657349
1489048032352,1.3730746507644653
1489048032392,1.3730746507644653
1489048032433,1.4401123523712158
1489048032473,1.315613865852356
1489048032515,1.3443442583084106
1489048032554,1.3682862520217896
1489048032597,1.315613865852356
1489048032634,1.3539210557937622
1489048032674,1.4065934419631958
1489048032716,1.334767460823059
1489048032755,1.3443442583084106
1489048032796,1.334767460823059
1489048032835,1.358709454536438
1489048032875,1.3251906633377075
1489048032920,1.3299790620803833
1489048032957,1.3443442583084106
1489048032997,1.866280198097229
1489048033038,2.2828712463378906
1489048033077,0.9995791912078857
1489048033117,3.599682331085205
1489048033157,5.122394561767578
1489048033198,3.7050271034240723
1489048033238,1.923741102218628
1489048033279,0.8224082589149475
1489048033319,-2.6898856163024902
1489048033359,-5.04099178314209
1489048033399,-5.352237701416016
1489048033439,-4.294000625610352
1489048033479,-2.0626046657562256
1489048033520,0.6308721303939819
1489048033560,-0.03232172131538391
1489048033601,-1.1623848676681519
1489048033644,-0.6260837316513062
1489048033681,-0.6787561774253845
1489048033721,-0.3196259140968323
1489048033761,-0.1759738177061081
1489048033801,-0.6643909811973572
1489048033842,-0.9516952037811279
1489048033883,-0.7170634269714355
1489048033923,-0.45848962664604187
1489048033978,-0.7601590156555176
1489048034003,-0.6835445761680603
1489048034043,-0.7793126702308655
1489048034084,-0.6500257849693298
1489048034124,-0.6356605291366577
1489048034165,-0.6931213736534119
1489048034204,-0.6883329749107361
1489048034244,-0.568622887134552
1489048034285,-0.5829881429672241
1489048034325,-0.5542576909065247
1489048034366,-0.5542576909065247
1489048034407,-0.6787561774253845
1489048034447,-0.6021417379379272
1489048034489,-0.4920084476470947
1489048034527,-0.6500257849693298
1489048034567,-0.606930136680603
1489048034607,-0.6308721303939819
1489048034648,-0.5925649404525757
1489048034691,-0.7410054206848145
1489048034728,-0.6787561774253845
1489048034768,-0.6931213736534119
1489048034816,-0.5398924946784973
1489048034848,-0.5446808934211731
1489048034891,-0.5351040959358215
1489048034929,-0.7601590156555176
1489048034969,-0.7601590156555176
1489048035010,-0.645237386226654
1489048035051,-0.6404489278793335
1489048035091,-0.5638344883918762
1489048035132,-0.7122750282287598
1489048035171,-0.645237386226654
1489048035213,-0.5973533391952515
1489048035252,-0.5542576909065247
1489048035292,-0.6404489278793335
1489048035332,-0.5398924946784973
1489048035372,-0.5494692921638489
1489048035413,-0.7218518257141113
1489048035453,-0.5590460896492004
1489048035493,-0.5063736438751221
1489048035533,-0.6739677786827087
1489048035574,-0.6643909811973572
1489048035614,-0.4920084476470947
1489048035654,-0.6548141837120056
1489048035694,-0.6260837316513062
1489048035734,-0.5398924946784973
1489048035775,-0.5351040959358215
1489048035814,-0.5446808934211731
1489048035855,-0.5734112858772278
1489048035896,-0.6212953329086304
1489048035936,-0.5638344883918762
1489048035976,-0.5925649404525757
1489048036016,-0.6548141837120056
1489048036057,-0.5494692921638489
1489048036098,-0.5734112858772278
1489048036141,-0.5351040959358215
1489048036178,-0.6356605291366577
1489048036218,-0.4345476031303406
1489048036258,-0.6165069341659546
1489048036298,-0.6021417379379272
1489048036338,-0.5973533391952515
1489048036380,-0.52552729845047
1489048036420,-0.6212953329086304
1489048036459,-0.6500257849693298
1489048036499,-0.5303156971931458
1489048036539,-0.5542576909065247
1489048036580,-0.669179379940033
1489048036620,-0.6260837316513062
1489048036663,-0.5303156971931458
1489048036701,-0.5494692921638489
1489048036742,-0.5015852451324463
1489048036781,-0.6260837316513062
1489048036821,-0.669179379940033
1489048036861,-0.45848962664604187
1489048036902,-0.4920084476470947
1489048036942,-0.6308721303939819
1489048036982,-0.6117185354232788
1489048037022,-0.5207388401031494
1489048037063,-0.5829881429672241
1489048037103,-0.5829881429672241
1489048037143,-0.5925649404525757
1489048037184,-0.6021417379379272
1489048037224,-0.5590460896492004
1489048037264,-0.606930136680603
1489048037304,-0.5494692921638489
1489048037344,-0.6548141837120056
1489048037385,-0.5542576909065247
1489048037425,-0.5446808934211731
1489048037465,-0.5638344883918762
1489048037506,-0.5829881429672241
1489048037545,-0.5398924946784973
1489048037586,-0.5781996846199036
1489048037626,-0.5398924946784973
1489048037666,-0.5781996846199036
1489048037707,-0.5398924946784973
1489048037747,-0.568622887134552
1489048037788,-0.5638344883918762
1489048037830,-0.52552729845047
1489048037868,-0.5877765417098999
1489048037915,-0.5494692921638489
1489048037948,-0.5781996846199036
1489048037988,-0.5111620426177979
1489048038029,-0.6212953329086304
1489048038070,-0.5590460896492004
1489048038111,-0.5494692921638489
1489048038149,-0.6117185354232788
1489048038190,-0.5542576909065247
1489048038230,-0.6165069341659546
1489048038270,-0.5973533391952515
1489048038311,-0.4728548228740692
1489048038352,-0.6165069341659546
1489048038392,-0.6117185354232788
1489048038433,-0.5925649404525757
1489048038472,-0.5303156971931458
1489048038515,-0.669179379940033
1489048038552,-0.5590460896492004
1489048038593,-0.5446808934211731
1489048038634,-0.5829881429672241
1489048038673,-0.5829881429672241
1489048038713,-0.52552729845047
1489048038754,-0.5734112858772278
1489048038794,-0.6308721303939819
1489048038837,-0.48722004890441895
1489048038874,-0.5829881429672241
1489048038915,-0.750582218170166
1489048038955,-0.93254154920578
1489048038996,-1.157596468925476
1489048039036,-3.2405519485473633
1489048039075,-5.313930511474609
1489048039116,-6.329071998596191
1489048039157,-5.050568580627441
1489048039196,-3.537432909011841
1489048039238,2.2828712463378906
1489048039279,4.504690647125244
1489048039318,5.634753704071045
1489048039358,3.604470729827881
1489048039398,2.364274263381958
1489048039438,1.703474521636963
1489048039480,0.6835445761680603
1489048039519,-0.08978256583213806
1489048039562,-0.23822307586669922
1489048039600,-0.02274491637945175
1489048039639,-0.008379706181585789
1489048039681,-0.07541735470294952
1489048039720,0.03232172131538391
1489048039760,0.04189852997660637
1489048039801,0.06584054976701736
1489048039841,0.1999158412218094
1489048039881,0.16639702022075653
1489048039921,0.03711012750864029
1489048039962,0.1759738177061081
1489048040004,0.34835633635520935
1489048040043,0.0802057534456253
1489048040087,-0.11372458189725876
1489048040123,0.15682020783424377
1489048040163,0.10893617570400238
1489048040204,0.02753331884741783
1489048040243,0.12330138683319092
1489048040284,0.03232172131538391
1489048040324,0.03711012750864029
1489048040364,-0.09935937076807022
1489048040404,0.03711012750864029
1489048040446,-0.16639702022075653
1489048040488,0.02753331884741783
1489048040525,0.11372458189725876
1489048040565,0.09457096457481384
1489048040609,-0.008379706181585789
1489048040647,0.061052143573760986
1489048040687,-0.013168109580874443
1489048040726,0.008379706181585789
1489048040767,-0.03711012750864029
1489048040807,0.05147533491253853
1489048040848,0.0
1489048040888,-0.05147533491253853
1489048040930,0.05147533491253853
1489048040968,0.04668693244457245
1489048041008,0.0802057534456253
1489048041049,0.013168109580874443
1489048041089,0.1041477769613266
1489048041131,0.02274491637945175
1489048041170,-0.02753331884741783
1489048041210,0.02274491637945175
1489048041250,0.02274491637945175
1489048041291,0.11851298063993454
1489048041331,0.07062894850969315
1489048041370,0.013168109580874443
1489048041411,0.03711012750864029
1489048041452,0.03711012750864029
1489048041491,0.0
1489048041532,-0.03711012750864029
1489048041572,0.10893617570400238
1489048041612,0.03711012750864029
1489048041654,-0.017956512048840523
1489048041693,0.08499415963888168
1489048041734,0.04189852997660637
1489048041774,0.08978256583213806
1489048041814,0.04189852997660637
1489048041854,0.03232172131538391
1489048041894,0.10893617570400238
1489048041934,0.0802057534456253
1489048041975,0.04668693244457245
1489048042016,-0.008379706181585789
1489048042056,0.08978256583213806
1489048042096,0.061052143573760986
1489048042137,0.11372458189725876
1489048042178,0.061052143573760986
1489048042216,0.1041477769613266
1489048042256,0.15682020783424377
1489048042297,0.0802057534456253
1489048042338,0.008379706181585789
1489048042378,0.03232172131538391
1489048042420,0.14245499670505524
1489048042461,0.08978256583213806
1489048042498,0.10893617570400238
1489048042539,0.1041477769613266
1489048042579,0.061052143573760986
1489048042619,-0.0035913025494664907
1489048042659,0.1280897855758667
1489048042707,0.16639702022075653
1489048042739,0.04189852997660637
1489048042782,0.02753331884741783
1489048042820,0.15682020783424377
1489048042860,0.02274491637945175
1489048042900,0.03711012750864029
1489048042941,0.11851298063993454
1489048042981,0.05626374110579491
1489048043023,0.08978256583213806
1489048043061,0.09935937076807022
1489048043104,0.12330138683319092
1489048043142,0.07541735470294952
1489048043183,0.15682020783424377
1489048043223,0.04668693244457245
1489048043263,0.07062894850969315
1489048043303,0.13766659796237946
1489048043343,0.13287819921970367
1489048043384,0.08978256583213806
1489048043424,0.05147533491253853
1489048043464,0.14245499670505524
1489048043505,0.04189852997660637
1489048043546,0.061052143573760986
1489048043591,0.152031809091568
1489048043630,0.08978256583213806
1489048043665,0.12330138683319092
1489048043705,0.11851298063993454
1489048043745,0.15682020783424377
1489048043786,0.1280897855758667
1489048043840,0.12330138683319092
1489048043866,0.12330138683319092
1489048043907,0.12330138683319092
1489048043947,0.08499415963888168
1489048043988,0.21428105235099792
1489048044028,0.46327802538871765
1489048044069,0.606930136680603
1489048044109,0.48722004890441895
1489048044148,0.20470423996448517
1489048044188,-0.29568392038345337
1489048044229,-0.152031809091568
1489048044269,-0.7457938194274902
1489048044310,0.061052143573760986
1489048044350,0.7649474143981934
1489048044390,0.5829881429672241
1489048044430,1.095347285270691
1489048044470,1.3730746507644653
1489048044511,1.0570400953292847
1489048044554,0.6165069341659546
1489048044592,0.3100491166114807
1489048044632,0.4345476031303406
1489048044682,0.5398924946784973
1489048044712,0.37229835987091064
1489048044752,0.6643909811973572
1489048044793,0.707486629486084
1489048044833,0.7218518257141113
1489048044874,0.645237386226654
1489048044914,0.5159504413604736
1489048044953,0.5590460896492004
1489048044993,0.48243165016174316
1489048045034,0.6212953329086304
1489048045075,0.6117185354232788
1489048045115,0.6117185354232788
1489048045155,0.6356605291366577
1489048045195,0.7026981711387634
1489048045235,0.6308721303939819
1489048045275,0.7457938194274902
1489048045315,0.7314286231994629
1489048045356,0.7170634269714355
1489048045398,0.7553706169128418
1489048045437,0.7314286231994629
1489048045482,0.7266402244567871
1489048045517,0.750582218170166
1489048045557,0.7697358727455139
1489048045597,0.7697358727455139
1489048045638,0.7218518257141113
1489048045678,0.7793126702308655
1489048045718,0.7697358727455139
1489048045759,0.7841010689735413
1489048045799,0.8463503122329712
1489048045839,0.788889467716217
1489048045879,0.7697358727455139
1489048045920,0.7362170219421387
1489048045961,0.8032546639442444
1489048046005,0.7841010689735413
1489048046041,0.8846575021743774
1489048046081,0.8319851160049438
1489048046122,0.7649474143981934
1489048046161,0.7553706169128418
1489048046202,0.7649474143981934
1489048046243,0.7841010689735413
1489048046282,0.8463503122329712
1489048046324,0.8032546639442444
1489048046362,0.7936778664588928
1489048046403,0.8224082589149475
1489048046443,0.7984662652015686
1489048046483,0.7984662652015686
1489048046523,0.8415619134902954
1489048046564,0.8415619134902954
1489048046604,0.7649474143981934
1489048046655,0.8415619134902954
1489048046684,0.707486629486084
1489048046725,0.7553706169128418
1489048046765,0.7936778664588928
1489048046806,0.970848798751831
1489048046846,0.7793126702308655
1489048046887,0.8702923059463501
1489048046926,0.6931213736534119
1489048046967,0.6021417379379272
1489048047007,0.5159504413604736
1489048047047,0.34835633635520935
1489048047088,0.37229835987091064
1489048047128,0.7601590156555176
1489048047169,1.3682862520217896
1489048047208,0.7553706169128418
1489048047248,0.7170634269714355
1489048047289,0.18076223134994507
1489048047329,-0.13287819921970367
1489048047371,-1.0330979824066162
1489048047409,-0.4297592043876648
1489048047450,-0.34356793761253357
1489048047490,-0.07062894850969315
1489048047530,0.23822307586669922
1489048047570,0.5925649404525757
1489048047611,0.34835633635520935
1489048047651,0.6356605291366577
1489048047691,0.7745242714881897
1489048047732,0.2621650993824005
1489048047773,0.2190694510936737
1489048047812,0.3818751573562622
1489048047853,0.2861070930957794
1489048047893,0.2717418968677521
1489048047934,0.4106055796146393
1489048047977,0.32441434264183044
1489048048014,0.29568392038345337
1489048048054,0.28131869435310364
1489048048094,0.3866635859012604
1489048048134,0.2621650993824005
1489048048176,0.243011474609375
1489048048215,0.28131869435310364
1489048048255,0.28131869435310364
1489048048295,0.1280897855758667
1489048048335,0.39145198464393616
1489048048375,0.3866635859012604
1489048048416,0.23343466222286224
1489048048457,0.20470423996448517
1489048048499,0.21428105235099792
1489048048537,0.3579331636428833
1489048048578,0.2621650993824005
1489048048618,0.34356793761253357
1489048048657,0.3770867586135864
1489048048700,0.424970805644989
1489048048738,0.2861070930957794
1489048048779,0.44412440061569214
1489048048821,0.2621650993824005
1489048048859,0.41539400815963745
1489048048899,0.3100491166114807
1489048048939,0.2621650993824005
1489048048980,0.42018240690231323
1489048049022,0.34835633635520935
1489048049061,0.2908954918384552
1489048049101,0.3100491166114807
1489048049141,0.37229835987091064
1489048049181,0.34835633635520935
1489048049221,0.3579331636428833
1489048049261,0.2669534981250763
1489048049302,0.2669534981250763
1489048049342,0.20949265360832214
1489048049383,0.2717418968677521
1489048049427,0.20470423996448517
1489048049468,0.3531447649002075
1489048049508,0.2908954918384552
1489048049544,0.2908954918384552
1489048049584,0.22864626348018646
1489048049624,0.1999158412218094
1489048049665,0.1999158412218094
1489048049705,0.2717418968677521
1489048049758,0.14245499670505524
1489048049786,0.25737667083740234
1489048049825,0.1041477769613266
1489048049866,-0.1951274424791336
1489048049905,0.09457096457481384
1489048049949,0.48243165016174316
1489048049987,-0.48722004890441895
1489048050026,-1.6268600225448608
1489048050066,-2.2014684677124023
1489048050107,-1.4496891498565674
1489048050148,-1.1192892789840698
1489048050188,-0.4345476031303406
1489048050228,0.970848798751831
1489048050269,0.1999158412218094
1489048050308,0.07062894850969315
1489048050349,-0.008379706181585789
1489048050389,-0.5446808934211731
1489048050429,0.04668693244457245
1489048050471,-0.3770867586135864
1489048050510,0.08978256583213806
1489048050551,0.5542576909065247
1489048050595,0.93254154920578
1489048050638,0.970848798751831
1489048050674,1.047463297843933
1489048050711,0.5973533391952515
1489048050752,0.7841010689735413
1489048050796,0.2717418968677521
1489048050831,0.4537012279033661
1489048050872,0.9229647517204285
1489048050912,0.6835445761680603
1489048050952,0.7841010689735413
1489048050995,0.707486629486084
1489048051033,0.6165069341659546
1489048051074,0.6883329749107361
1489048051114,0.6835445761680603
1489048051154,0.6596025824546814
1489048051194,0.7362170219421387
1489048051235,0.669179379940033
1489048051275,0.6979097723960876
1489048051315,0.5494692921638489
1489048051356,0.5781996846199036
1489048051399,0.7362170219421387
1489048051436,0.812831461429596
1489048051475,0.6548141837120056
1489048051515,0.7601590156555176
1489048051557,0.7410054206848145
1489048051597,0.5351040959358215
1489048051637,0.6787561774253845
1489048051677,0.7122750282287598
1489048051722,0.7697358727455139
1489048051757,0.6979097723960876
1489048051798,0.8176198601722717
1489048051838,0.7026981711387634
1489048051878,0.750582218170166
1489048051922,0.6931213736534119
1489048051959,0.6787561774253845
1489048051999,0.7218518257141113
1489048052039,0.7697358727455139
1489048052079,0.7266402244567871
1489048052124,0.7122750282287598
1489048052161,0.7649474143981934
1489048052201,0.7122750282287598
1489048052241,0.851138710975647
1489048052282,0.7218518257141113
1489048052324,0.7170634269714355
1489048052361,0.606930136680603
1489048052401,0.7266402244567871
1489048052444,0.5877765417098999
1489048052483,0.18555063009262085
1489048052523,0.29568392038345337
1489048052562,1.2773065567016602
1489048052603,0.9229647517204285
1489048052647,0.9564836025238037
1489048052684,2.144007682800293
1489048052724,2.3259668350219727
1489048052764,2.340332269668579
1489048052804,2.5749640464782715
1489048052845,2.191891670227051
1489048052884,2.144007682800293
1489048052925,1.6747441291809082
1489048052965,1.3443442583084106
1489048053005,2.4791958332061768
1489048053046,2.3594858646392822
1489048053086,2.0817582607269287
1489048053126,1.2485761642456055
1489048053168,1.1480196714401245
1489048053207,1.171961784362793
1489048053247,1.2294225692749023
1489048053287,1.3778630495071411
1489048053327,0.889445960521698
1489048053368,1.2868833541870117
1489048053408,1.4736311435699463
1489048053448,1.1336544752120972
1489048053489,1.2102689743041992
1489048053529,1.1528080701828003
1489048053570,1.291671872138977
1489048053610,0.9469067454338074
1489048053651,1.1959037780761719
1489048053690,1.2725181579589844
1489048053730,1.291671872138977
1489048053770,1.2006921768188477
1489048053811,1.114500880241394
1489048053851,0.9373299479484558
1489048053891,1.1288660764694214
1489048053932,1.2006921768188477
1489048053972,1.0522516965866089
1489048054012,1.191115379333496
1489048054053,1.2006921768188477
1489048054097,1.0283095836639404
1489048054133,1.037886381149292
1489048054173,0.9516952037811279
1489048054215,1.0330979824066162
1489048054254,1.157596468925476
1489048054294,1.0761936902999878
1489048054334,0.9756371974945068
1489048054374,0.8702923059463501
1489048054415,1.0426748991012573
1489048054455,1.095347285270691
1489048054495,0.99479079246521
1489048054535,1.0283095836639404
1489048054575,1.1192892789840698
1489048054619,0.9564836025238037
1489048054656,1.0905588865280151
1489048054697,0.9516952037811279
1489048054739,1.0043675899505615
1489048054777,0.99479079246521
1489048054817,0.9516952037811279
1489048054857,0.9564836025238037
1489048054898,0.9229647517204285
1489048054939,0.99479079246521
1489048054979,0.9756371974945068
1489048055019,0.9229647517204285
1489048055061,0.8798691034317017
1489048055099,0.8846575021743774
1489048055139,0.9564836025238037
1489048055179,0.9756371974945068
1489048055220,0.8415619134902954
1489048055260,0.9085995554924011
1489048055301,0.9612720012664795
1489048055341,0.9421183466911316
1489048055381,0.9277531504631042
1489048055421,0.9804255962371826
1489048055462,1.0091559886932373
1489048055502,0.7841010689735413
1489048055542,0.9133879542350769
1489048055582,0.9373299479484558
1489048055622,0.8463503122329712
1489048055670,0.851138710975647
1489048055702,0.8798691034317017
1489048055743,0.8271966576576233
1489048055783,0.8942343592643738
1489048055823,0.9564836025238037
1489048055866,0.8607155084609985
1489048055904,0.7697358727455139
1489048055944,0.889445960521698
1489048055984,0.8990227580070496
1489048056024,0.7984662652015686
1489048056065,0.8367735147476196
1489048056105,0.9229647517204285
1489048056146,0.889445960521698
1489048056187,0.7745242714881897
1489048056227,0.9133879542350769
1489048056266,0.9373299479484558
1489048056306,0.851138710975647
1489048056347,0.8224082589149475
1489048056389,0.8655039072036743
1489048056428,0.812831461429596
1489048056468,0.9181763529777527
1489048056507,0.9133879542350769
1489048056548,0.8080430626869202
1489048056590,0.851138710975647
1489048056629,0.8607155084609985
1489048056669,0.8559271097183228
1489048056710,0.8415619134902954
1489048056750,0.9085995554924011
1489048056790,0.8798691034317017
1489048056833,0.8367735147476196
1489048056870,0.8942343592643738
1489048056911,0.8942343592643738
1489048056951,0.7601590156555176
1489048056992,0.8990227580070496
1489048057032,0.93254154920578
1489048057072,0.8702923059463501
1489048057111,0.8032546639442444
1489048057152,0.8032546639442444
1489048057192,0.9229647517204285
1489048057233,0.8176198601722717
1489048057273,0.8271966576576233
1489048057317,0.8415619134902954
1489048057354,0.9612720012664795
1489048057393,0.889445960521698
1489048057437,0.7649474143981934
1489048057474,0.8846575021743774
1489048057514,0.9133879542350769
1489048057555,0.7601590156555176
1489048057595,0.7936778664588928
1489048057635,0.8846575021743774
1489048057675,0.8463503122329712
1489048057715,0.889445960521698
1489048057755,0.7601590156555176
1489048057796,0.7841010689735413
1489048057840,0.8559271097183228
1489048057877,0.8176198601722717
1489048057917,0.8607155084609985
1489048057958,0.8032546639442444
1489048057998,0.7793126702308655
1489048058038,0.7362170219421387
1489048058079,0.9133879542350769
1489048058118,0.8942343592643738
1489048058163,0.7218518257141113
1489048058198,0.851138710975647
1489048058238,0.8846575021743774
1489048058279,0.7553706169128418
1489048058319,0.788889467716217
1489048058360,0.7984662652015686
1489048058401,0.7936778664588928
1489048058440,0.8224082589149475
1489048058484,0.7936778664588928
1489048058520,0.7649474143981934
1489048058563,0.7936778664588928
1489048058601,0.812831461429596
1489048058642,0.8367735147476196
1489048058683,0.7745242714881897
1489048058722,0.7745242714881897
1489048058762,0.7745242714881897
1489048058802,0.7841010689735413
1489048058842,0.8319851160049438
1489048058883,0.7601590156555176
1489048058923,0.8176198601722717
1489048058964,0.7984662652015686
1489048059003,0.7362170219421387
1489048059044,0.788889467716217
1489048059093,0.851138710975647
1489048059124,0.7314286231994629
1489048059165,0.7314286231994629
1489048059209,0.8415619134902954
1489048059245,0.7841010689735413
1489048059286,0.7697358727455139
1489048059325,0.7649474143981934
1489048059366,0.7936778664588928
1489048059408,0.812831461429596
1489048059446,0.7553706169128418
1489048059487,0.7745242714881897
1489048059527,0.7745242714881897
1489048059567,0.7601590156555176
1489048059620,0.788889467716217
1489048059647,0.7984662652015686
1489048059688,0.7793126702308655
1489048059728,0.750582218170166
1489048059768,0.7697358727455139
1489048059814,0.812831461429596
1489048059849,0.750582218170166
1489048059889,0.7362170219421387
1489048059929,0.8032546639442444
1489048059969,0.7601590156555176
1489048060010,0.7457938194274902
1489048060051,0.7936778664588928
1489048060091,0.7601590156555176
1489048060135,0.7457938194274902
1489048060171,0.8032546639442444
1489048060211,0.7553706169128418
1489048060252,0.7649474143981934
1489048060292,0.7697358727455139
1489048060335,0.7936778664588928
1489048060373,0.7553706169128418
1489048060413,0.7410054206848145
1489048060453,0.7601590156555176
1489048060493,0.788889467716217
1489048060533,0.788889467716217
1489048060574,0.7457938194274902
1489048060614,0.7457938194274902
1489048060656,0.7841010689735413
1489048060695,0.7745242714881897
1489048060735,0.7410054206848145
1489048060778,0.7410054206848145
1489048060815,0.7745242714881897
1489048060859,0.7697358727455139
1489048060896,0.7601590156555176
1489048060936,0.7218518257141113
1489048060977,0.8176198601722717
1489048061017,0.7457938194274902
1489048061058,0.7457938194274902
1489048061097,0.7649474143981934
1489048061137,0.7649474143981934
1489048061177,0.7266402244567871
1489048061218,0.7314286231994629
1489048061259,0.8655039072036743
1489048061299,0.8032546639442444
1489048061338,0.7697358727455139
1489048061379,0.7697358727455139
1489048061420,0.750582218170166
1489048061460,0.6739677786827087
1489048061501,0.7410054206848145
1489048061541,0.7841010689735413
1489048061581,0.606930136680603
1489048061620,0.41539400815963745
1489048061661,1.1336544752120972
1489048061701,1.3204022645950317
1489048061742,1.3251906633377075
1489048061782,0.5638344883918762
1489048061822,0.4967968463897705
1489048061863,0.52552729845047
1489048061902,-0.25258827209472656
1489048061943,-1.382651448249817
1489048061986,-0.889445960521698
1489048062023,-0.3627215623855591
1489048062063,-0.6883329749107361
1489048062105,-0.8846575021743774
1489048062145,-0.9277531504631042
1489048062185,0.2621650993824005
1489048062225,0.02274491637945175
1489048062265,-0.13766659796237946
1489048062308,-0.1280897855758667
1489048062346,-0.07062894850969315
1489048062386,-0.3100491166114807
1489048062426,-0.0035913025494664907
1489048062466,0.2669534981250763
1489048062510,0.6308721303939819
1489048062547,0.9852139949798584
1489048062588,0.7026981711387634
1489048062628,0.03232172131538391
1489048062668,0.2861070930957794
1489048062707,0.04668693244457245
1489048062748,0.2669534981250763
1489048062788,0.48722004890441895
1489048062832,0.2190694510936737
1489048062869,0.5781996846199036
1489048062910,0.34356793761253357
1489048062950,0.1951274424791336
1489048062991,0.3770867586135864
1489048063030,0.5734112858772278
1489048063070,0.3100491166114807
1489048063111,0.5063736438751221
1489048063151,0.0035913025494664907
1489048063191,0.2190694510936737
1489048063235,0.8655039072036743
1489048063272,0.2669534981250763
1489048063312,-0.013168109580874443
1489048063352,0.7314286231994629
1489048063393,0.5829881429672241
1489048063433,-1.013944387435913
1489048063473,0.9277531504631042
1489048063513,0.243011474609375
1489048063553,-0.5781996846199036
1489048063593,0.606930136680603
1489048063634,-0.8080430626869202
1489048063674,0.788889467716217
1489048063715,0.4106055796146393
1489048063755,-0.6979097723960876
1489048063796,-0.5925649404525757
1489048063835,-0.6596025824546814
1489048063875,-0.6548141837120056
1489048063916,-1.3682862520217896
1489048063959,-2.072181463241577
1489048063997,-1.43532395362854
1489048064037,-0.25737667083740234
1489048064078,-0.24779987335205078
1489048064118,-0.7457938194274902
1489048064157,-0.07541735470294952
1489048064197,1.2054805755615234
1489048064238,0.6212953329086304
1489048064281,-0.4345476031303406
1489048064319,-1.5693992376327515
1489048064359,-0.5590460896492004
1489048064399,0.16639702022075653
1489048064439,-0.4106055796146393
1489048064482,-0.6117185354232788
1489048064521,-0.1951274424791336
1489048064561,0.3770867586135864
1489048064601,-0.013168109580874443
1489048064642,-0.3627215623855591
1489048064681,-1.5550340414047241
1489048064721,-1.037886381149292
1489048064773,-0.42018240690231323
1489048064802,-1.334767460823059
1489048064842,-0.8367735147476196
1489048064883,-0.23343466222286224
1489048064923,-0.37229835987091064
1489048064963,-0.6596025824546814
1489048065003,0.02274491637945175
1489048065043,-0.9612720012664795
1489048065084,-0.18555063009262085
1489048065126,-0.645237386226654
1489048065164,-0.3770867586135864
1489048065208,-0.5351040959358215
1489048065245,-0.9995791912078857
1489048065285,-0.6979097723960876
1489048065326,-0.6548141837120056
1489048065365,-0.424970805644989
1489048065409,-0.5111620426177979
1489048065446,-0.4920084476470947
1489048065487,-0.9038111567497253
1489048065527,-0.6548141837120056
1489048065567,-0.39145198464393616
1489048065607,-0.1951274424791336
1489048065647,-0.5781996846199036
1489048065687,-0.7936778664588928
1489048065733,-0.2190694510936737
1489048065769,-0.6596025824546814
1489048065810,-1.0235211849212646
1489048065850,-0.970848798751831
1489048065890,-0.34835633635520935
1489048065932,-0.99479079246521
1489048065970,-0.8750807046890259
1489048066010,-0.99479079246521
1489048066050,-1.2773065567016602
1489048066091,-0.4967968463897705
1489048066131,-0.3100491166114807
1489048066171,-1.334767460823059
1489048066212,0.8846575021743774
1489048066255,0.3100491166114807
1489048066293,0.48722004890441895
1489048066332,1.4927847385406494
1489048066375,0.7984662652015686
1489048066412,1.2964602708816528
1489048066454,2.7234044075012207
1489048066493,0.4967968463897705
1489048066534,-1.3874398469924927
1489048066574,0.22864626348018646
1489048066614,-0.05147533491253853
1489048066654,-2.1966800689697266
1489048066694,-2.469619035720825
1489048066734,-0.25258827209472656
1489048066775,-0.3148375153541565
1489048066815,-1.5933412313461304
1489048066855,-0.7170634269714355
1489048066897,-0.7649474143981934
1489048066936,-0.9564836025238037
1489048066976,0.5446808934211731
1489048067017,-0.8367735147476196
1489048067057,-0.6739677786827087
1489048067098,-0.02274491637945175
1489048067138,-0.1041477769613266
1489048067179,-0.37229835987091064
1489048067218,-0.42018240690231323
1489048067259,-1.0283095836639404
1489048067300,-0.3866635859012604
1489048067339,0.11851298063993454
1489048067382,-0.46806642413139343
1489048067419,-0.2908954918384552
1489048067460,-0.9900023937225342
1489048067500,-0.5542576909065247
1489048067540,-0.13766659796237946
1489048067580,-1.0330979824066162
1489048067621,0.12330138683319092
1489048067661,-0.2190694510936737
1489048067702,-0.02753331884741783
1489048067742,-0.7457938194274902
1489048067781,-0.812831461429596
1489048067823,-0.6835445761680603
1489048067862,-1.0905588865280151
1489048067904,-1.215057373046875
1489048067943,-0.9516952037811279
1489048067985,-1.3682862520217896
1489048068026,-0.7841010689735413
1489048068063,-0.99479079246521
1489048068103,-1.8997989892959595
1489048068144,-0.39145198464393616
1489048068184,-0.9421183466911316
1489048068224,-1.3778630495071411
1489048068264,-1.358709454536438
1489048068305,0.10893617570400238
1489048068350,-0.645237386226654
1489048068385,-0.606930136680603
1489048068425,-0.4297592043876648
1489048068466,-0.5734112858772278
1489048068507,-0.424970805644989
1489048068546,-0.2669534981250763
1489048068587,-0.3818751573562622
1489048068627,-0.42018240690231323
1489048068667,-0.42018240690231323
1489048068708,-0.43933600187301636
1489048068751,-0.424970805644989
1489048068789,-0.4058171808719635
1489048068829,-0.39145198464393616
1489048068869,-0.39145198464393616
1489048068909,-0.39145198464393616
1489048068949,-0.39145198464393616
1489048068989,-0.4010287821292877
1489048069030,-0.4010287821292877
1489048069070,-0.4058171808719635
1489048069110,-0.39145198464393616
1489048069153,-0.39624038338661194
1489048069190,-0.39145198464393616
1489048069231,-0.39624038338661194
1489048069272,-0.4058171808719635
1489048069311,-0.4058171808719635
1489048069354,-0.4010287821292877
1489048069392,-0.4058171808719635
1489048069432,-0.4106055796146393
1489048069473,-0.4058171808719635
1489048069515,-0.39624038338661194
1489048069553,-0.4010287821292877
1489048069593,-0.4010287821292877
1489048069634,-0.39624038338661194
1489048069675,-0.4058171808719635
1489048069715,-0.4010287821292877
1489048069755,-0.39145198464393616
1489048069800,-0.3866635859012604
1489048069835,-0.39624038338661194
1489048069875,-0.39624038338661194
1489048069916,-0.39624038338661194
1489048069956,-0.4010287821292877
1489048069997,-0.39145198464393616
1489048070037,-0.4058171808719635
1489048070077,-0.4010287821292877
1489048070117,-0.4058171808719635
1489048070158,-0.39624038338661194
1489048070199,-0.4106055796146393
1489048070239,-0.3818751573562622
1489048070279,-0.4106055796146393
1489048070318,-0.4010287821292877
1489048070358,-0.4010287821292877
1489048070400,-0.39145198464393616
1489048070439,-0.39624038338661194
1489048070480,-0.39145198464393616
1489048070520,-0.4106055796146393
1489048070561,-0.3818751573562622
1489048070600,-0.4058171808719635
1489048070640,-0.39145198464393616
1489048070680,-0.39624038338661194
1489048070721,-0.4058171808719635
1489048070762,-0.4010287821292877
1489048070802,-0.4010287821292877
1489048070841,-0.4010287821292877
1489048070882,-0.4106055796146393
1489048070922,-0.3866635859012604
1489048070962,-0.36750996112823486
1489048071003,-0.39145198464393616
1489048071043,-0.39145198464393616
1489048071084,-0.39624038338661194
1489048071127,-0.3866635859012604
1489048071165,-0.41539400815963745
1489048071208,-0.4010287821292877
1489048071244,-0.4058171808719635
1489048071285,-0.4010287821292877
1489048071330,-0.3866635859012604
1489048071366,-0.4106055796146393
1489048071406,-0.39624038338661194
1489048071445,-0.39145198464393616
1489048071486,-0.4010287821292877
1489048071526,-0.39624038338661194
1489048071566,-0.39145198464393616
1489048071607,-0.39145198464393616
1489048071649,-0.4010287821292877
1489048071688,-0.39624038338661194
1489048071727,-0.39624038338661194
1489048071768,-0.39145198464393616
1489048071808,-0.39624038338661194
1489048071848,-0.4058171808719635
1489048071889,-0.39624038338661194
1489048071929,-0.4010287821292877
1489048071970,-0.4010287821292877
1489048072010,-0.39624038338661194
1489048072050,-0.4106055796146393
1489048072090,-0.4010287821292877
1489048072130,-0.39145198464393616
1489048072170,-0.39624038338661194
1489048072211,-0.4010287821292877
1489048072256,-0.4010287821292877
1489048072291,-0.4010287821292877
1489048072332,-0.39145198464393616
1489048072372,-0.4010287821292877
1489048072412,-0.41539400815963745
1489048072452,-0.39624038338661194
1489048072492,-0.39624038338661194
1489048072533,-0.39624038338661194
1489048072585,-0.3866635859012604
1489048072613,-0.4010287821292877
1489048072654,-0.39145198464393616
1489048072693,-0.39145198464393616
1489048072734,-0.4058171808719635
1489048072778,-0.39145198464393616
1489048072815,-0.3866635859012604
1489048072855,-0.39624038338661194
1489048072895,-0.4058171808719635
1489048072935,-0.41539400815963745
1489048072976,-0.41539400815963745
1489048073016,-0.4010287821292877
1489048073057,-0.4010287821292877
1489048073100,-0.3818751573562622
1489048073138,-0.4106055796146393
1489048073177,-0.39624038338661194
1489048073217,-0.42018240690231323
1489048073258,-0.39624038338661194
1489048073301,-0.3866635859012604
1489048073339,-0.4058171808719635
1489048073379,-0.4106055796146393
1489048073419,-0.39624038338661194
1489048073459,-0.39145198464393616
1489048073499,-0.4010287821292877
1489048073540,-0.4106055796146393
1489048073580,-0.4058171808719635
1489048073621,-0.39624038338661194
1489048073660,-0.4058171808719635
1489048073701,-0.39145198464393616
1489048073741,-0.39624038338661194
1489048073781,-0.4010287821292877
1489048073822,-0.39145198464393616
1489048073861,-0.4010287821292877
1489048073902,-0.4106055796146393
1489048073943,-0.4058171808719635
1489048073982,-0.4106055796146393
1489048074023,-0.4010287821292877
1489048074063,-0.4010287821292877
1489048074103,-0.39624038338661194
1489048074144,-0.4010287821292877
1489048074184,-0.4058171808719635
1489048074228,-0.39624038338661194
1489048074266,-0.4058171808719635
1489048074304,-0.4058171808719635
1489048074345,-0.4010287821292877
1489048074385,-0.39624038338661194
1489048074426,-0.39624038338661194
1489048074468,-0.39624038338661194
1489048074507,-0.39624038338661194
1489048074561,-0.4010287821292877
1489048074589,-0.4058171808719635
1489048074627,-0.3866635859012604
1489048074667,-0.4058171808719635
1489048074707,-0.4106055796146393
1489048074751,-0.4010287821292877
1489048074789,-0.4106055796146393
1489048074828,-0.3818751573562622
1489048074868,-0.4058171808719635
1489048074909,-0.4106055796146393
1489048074949,-0.39624038338661194
1489048074990,-0.39145198464393616
1489048075030,-0.39145198464393616
1489048075072,-0.4106055796146393
1489048075110,-0.39145198464393616
1489048075150,-0.4010287821292877
1489048075192,-0.4058171808719635
1489048075231,-0.3866635859012604
1489048075272,-0.3866635859012604
1489048075312,-0.3866635859012604
1489048075352,-0.4010287821292877
1489048075392,-0.41539400815963745
1489048075432,-0.4010287821292877
1489048075475,-0.4058171808719635
1489048075513,-0.4058171808719635
1489048075553,-0.4106055796146393
1489048075593,-0.4010287821292877
1489048075633,-0.4010287821292877
1489048075674,-0.4058171808719635
1489048075714,-0.3866635859012604
1489048075754,-0.41539400815963745
1489048075794,-0.3818751573562622
1489048075836,-0.39624038338661194
1489048075875,-0.4058171808719635
1489048075916,-0.39624038338661194
1489048075956,-0.4106055796146393
1489048075998,-0.39624038338661194
1489048076037,-0.4010287821292877
1489048076077,-0.39145198464393616
1489048076117,-0.4010287821292877
1489048076158,-0.39145198464393616
1489048076200,-0.4058171808719635
1489048076238,-0.4058171808719635
1489048076278,-0.39624038338661194
1489048076320,-0.4010287821292877
1489048076359,-0.39624038338661194
1489048076404,-0.39145198464393616
1489048076440,-0.4010287821292877
1489048076480,-0.4058171808719635
1489048076520,-0.39145198464393616
1489048076560,-0.4106055796146393
1489048076600,-0.4010287821292877
1489048076642,-0.39145198464393616
1489048076681,-0.4058171808719635
1489048076723,-0.3866635859012604
1489048076762,-0.39624038338661194
1489048076802,-0.4010287821292877
1489048076841,-0.39145198464393616
1489048076882,-0.39624038338661194
1489048076922,-0.39145198464393616
1489048076963,-0.4010287821292877
1489048077004,-0.3866635859012604
1489048077049,-0.4010287821292877
1489048077084,-0.4058171808719635
1489048077126,-0.4010287821292877
1489048077164,-0.39624038338661194
1489048077204,-0.4058171808719635
1489048077245,-0.4010287821292877
1489048077284,-0.4010287821292877
1489048077324,-0.4106055796146393
1489048077364,-0.39624038338661194
1489048077405,-0.4058171808719635
1489048077445,-0.41539400815963745
1489048077486,-0.4058171808719635
1489048077526,-0.39624038338661194
1489048077568,-0.41539400815963745
1489048077607,-0.4058171808719635
1489048077647,-0.4010287821292877
1489048077687,-0.39145198464393616
1489048077728,-0.39145198464393616
1489048077767,-0.39624038338661194
1489048077808,-0.4058171808719635
1489048077848,-0.4106055796146393
1489048077889,-0.4010287821292877
1489048077928,-0.39145198464393616
1489048077969,-0.39145198464393616
1489048078009,-0.39624038338661194
1489048078050,-0.39145198464393616
1489048078091,-0.4106055796146393
1489048078130,-0.4010287821292877
1489048078170,-0.4010287821292877
1489048078211,-0.3866635859012604
1489048078251,-0.3866635859012604
1489048078291,-0.4010287821292877
1489048078331,-0.39624038338661194
1489048078371,-0.39624038338661194
1489048078411,-0.4058171808719635
1489048078452,-0.41539400815963745
1489048078494,-0.4058171808719635
1489048078533,-0.39145198464393616
1489048078572,-0.39145198464393616
1489048078614,-0.4010287821292877
1489048078653,-0.4106055796146393
1489048078695,-0.39624038338661194
1489048078734,-0.39145198464393616
1489048078774,-0.4058171808719635
1489048078814,-0.4010287821292877
1489048078854,-0.39624038338661194
1489048078895,-0.39145198464393616
1489048078935,-0.4058171808719635
1489048078975,-0.41539400815963745
1489048079015,-0.41539400815963745
1489048079055,-0.39145198464393616
1489048079096,-0.3866635859012604
1489048079136,-0.39624038338661194
1489048079177,-0.4010287821292877
1489048079218,-0.3866635859012604
1489048079257,-0.4058171808719635
1489048079297,-0.39145198464393616
1489048079338,-0.3866635859012604
1489048079378,-0.4010287821292877
1489048079418,-0.39624038338661194
1489048079458,-0.4010287821292877
1489048079499,-0.4106055796146393
1489048079539,-0.3866635859012604
1489048079580,-0.4010287821292877
1489048079620,-0.39624038338661194
1489048079660,-0.4058171808719635
1489048079700,-0.3866635859012604
1489048079741,-0.39145198464393616
1489048079781,-0.4010287821292877
1489048079821,-0.3818751573562622
1489048079861,-0.4010287821292877
1489048079902,-0.4010287821292877
1489048079942,-0.4058171808719635
1489048079982,-0.39145198464393616
1489048080023,-0.3866635859012604
1489048080064,-0.3818751573562622
1489048080103,-0.39145198464393616
1489048080145,-0.39145198464393616
1489048080184,-0.4106055796146393
1489048080224,-0.41539400815963745
1489048080264,-0.4106055796146393
1489048080305,-0.39624038338661194
1489048080345,-0.39145198464393616
1489048080386,-0.39624038338661194
1489048080426,-0.4010287821292877
1489048080465,-0.3866635859012604
1489048080506,-0.39145198464393616
1489048080546,-0.3866635859012604
1489048080587,-0.39624038338661194
1489048080628,-0.3770867586135864
1489048080670,-0.4058171808719635
1489048080708,-0.4058171808719635
1489048080748,-0.4010287821292877
1489048080788,-0.39145198464393616
1489048080828,-0.39624038338661194
1489048080873,-0.3866635859012604
1489048080909,-0.4058171808719635
1489048080949,-0.4106055796146393
1489048080990,-0.4010287821292877
1489048081030,-0.39624038338661194
1489048081070,-0.39145198464393616
1489048081110,-0.4010287821292877
1489048081151,-0.4106055796146393
1489048081195,-0.4010287821292877
1489048081232,-0.39145198464393616
1489048081272,-0.39624038338661194
1489048081319,-0.4010287821292877
1489048081359,-0.4058171808719635
1489048081394,-0.4010287821292877
1489048081432,-0.39145198464393616
1489048081472,-0.41539400815963745
1489048081514,-0.4010287821292877
1489048081554,-0.3866635859012604
1489048081609,-0.39145198464393616
1489048081634,-0.39624038338661194
1489048081674,-0.4010287821292877
1489048081714,-0.3866635859012604
1489048081755,-0.3770867586135864
1489048081795,-0.4010287821292877
1489048081835,-0.4010287821292877
1489048081875,-0.39624038338661194
1489048081915,-0.39145198464393616
1489048081956,-0.39624038338661194
1489048081996,-0.4010287821292877
1489048082037,-0.39145198464393616
1489048082077,-0.3866635859012604
1489048082119,-0.4058171808719635
1489048082157,-0.39145198464393616
1489048082197,-0.39624038338661194
1489048082238,-0.39145198464393616
1489048082278,-0.4058171808719635
1489048082319,-0.39624038338661194
1489048082359,-0.39624038338661194
1489048082399,-0.4058171808719635
1489048082438,-0.39624038338661194
1489048082479,-0.4106055796146393
1489048082519,-0.4106055796146393
1489048082560,-0.39145198464393616
1489048082600,-0.4010287821292877
1489048082642,-0.3866635859012604
1489048082680,-0.39624038338661194
1489048082720,-0.39624038338661194
1489048082761,-0.3818751573562622
1489048082801,-0.39624038338661194
1489048082841,-0.4010287821292877
1489048082881,-0.39145198464393616
1489048082922,-0.39624038338661194
1489048082966,-0.42018240690231323
1489048083003,-0.4010287821292877
1489048083045,-0.3866635859012604
1489048083085,-0.39624038338661194
1489048083124,-0.39624038338661194
1489048083166,-0.4058171808719635
1489048083204,-0.4058171808719635
1489048083245,-0.39624038338661194
1489048083284,-0.4010287821292877
1489048083324,-0.39145198464393616
1489048083366,-0.4058171808719635
1489048083405,-0.39145198464393616
1489048083445,-0.39624038338661194
1489048083486,-0.4058171808719635
1489048083527,-0.39145198464393616
1489048083566,-0.3770867586135864
1489048083607,-0.39145198464393616
1489048083647,-0.39624038338661194
1489048083688,-0.3818751573562622
1489048083727,-0.4010287821292877
1489048083769,-0.3818751573562622
1489048083809,-0.39145198464393616
1489048083849,-0.41539400815963745
1489048083888,-0.3866635859012604
1489048083929,-0.39145198464393616
1489048083969,-0.4058171808719635
1489048084009,-0.39624038338661194
1489048084049,-0.39624038338661194
1489048084091,-0.39624038338661194
1489048084130,-0.4010287821292877
1489048084170,-0.4058171808719635
1489048084210,-0.4010287821292877
1489048084251,-0.39145198464393616
1489048084291,-0.42018240690231323
1489048084331,-0.3866635859012604
1489048084372,-0.39145198464393616
1489048084412,-0.39145198464393616
1489048084452,-0.39145198464393616
1489048084492,-0.4010287821292877
1489048084534,-0.3866635859012604
1489048084573,-0.3866635859012604
1489048084616,-0.39145198464393616
1489048084654,-0.4058171808719635
1489048084694,-0.4010287821292877
1489048084734,-0.3866635859012604
1489048084774,-0.4058171808719635
1489048084819,-0.3866635859012604
1489048084854,-0.39624038338661194
1489048084895,-0.4010287821292877
1489048084936,-0.39145198464393616
1489048084975,-0.4058171808719635
1489048085015,-0.4058171808719635
1489048085056,-0.4010287821292877
1489048085097,-0.4106055796146393
1489048085138,-0.4058171808719635
1489048085177,-0.4058171808719635
1489048085218,-0.39145198464393616
1489048085258,-0.39624038338661194
1489048085298,-0.39624038338661194
1489048085339,-0.3818751573562622
1489048085378,-0.39145198464393616
1489048085419,-0.39145198464393616
1489048085459,-0.4010287821292877
1489048085499,-0.4058171808719635
1489048085539,-0.4010287821292877
1489048085582,-0.3818751573562622
1489048085620,-0.4106055796146393
1489048085663,-0.39624038338661194
1489048085700,-0.4058171808719635
1489048085740,-0.39624038338661194
1489048085781,-0.39624038338661194
1489048085821,-0.42018240690231323
1489048085868,-0.39145198464393616
1489048085901,-0.3866635859012604
1489048085942,-0.4058171808719635
1489048085982,-0.4058171808719635
1489048086023,-0.4010287821292877
1489048086066,-0.39624038338661194
1489048086106,-0.4010287821292877
1489048086148,-0.3866635859012604
1489048086184,-0.4106055796146393
1489048086223,-0.39624038338661194
1489048086269,-0.4058171808719635
1489048086305,-0.39624038338661194
1489048086345,-0.3866635859012604
1489048086385,-0.3866635859012604
1489048086424,-0.4058171808719635
1489048086465,-0.39145198464393616
1489048086507,-0.41539400815963745
1489048086546,-0.39624038338661194
1489048086589,-0.39145198464393616
1489048086627,-0.39624038338661194
1489048086667,-0.39145198464393616
1489048086707,-0.39145198464393616
1489048086747,-0.4010287821292877
1489048086787,-0.39145198464393616
1489048086827,-0.4010287821292877
1489048086867,-0.4010287821292877
1489048086908,-0.4010287821292877
1489048086948,-0.4010287821292877
1489048086988,-0.4010287821292877
1489048087029,-0.4058171808719635
1489048087069,-0.39624038338661194
1489048087112,-0.4106055796146393
1489048087150,-0.41539400815963745
1489048087191,-0.3866635859012604
1489048087230,-0.4010287821292877
1489048087270,-0.4010287821292877
1489048087312,-0.39624038338661194
1489048087351,-0.4010287821292877
1489048087391,-0.4106055796146393
1489048087431,-0.4010287821292877
1489048087471,-0.4010287821292877
1489048087512,-0.39624038338661194
1489048087553,-0.4010287821292877
1489048087592,-0.41539400815963745
1489048087637,-0.3866635859012604
1489048087673,-0.3770867586135864
1489048087713,-0.4010287821292877
1489048087753,-0.41539400815963745
1489048087793,-0.4058171808719635
1489048087833,-0.4106055796146393
1489048087874,-0.4058171808719635
1489048087914,-0.4058171808719635
1489048087956,-0.4010287821292877
1489048087995,-0.39145198464393616
1489048088039,-0.39624038338661194
1489048088076,-0.39624038338661194
1489048088115,-0.3866635859012604
1489048088156,-0.4058171808719635
1489048088196,-0.39624038338661194
1489048088236,-0.4010287821292877
1489048088277,-0.4106055796146393
1489048088317,-0.4058171808719635
1489048088358,-0.4010287821292877
1489048088397,-0.4106055796146393
1489048088438,-0.4010287821292877
1489048088480,-0.3866635859012604
1489048088518,-0.4010287821292877
1489048088558,-0.4058171808719635
1489048088598,-0.42018240690231323
1489048088639,-0.43933600187301636
