Código DANE Municipio;Tipo División Geográfica;Nombre División Geográfica;Grupo Edad;Total 2016;Hombres 2016;Mujeres 2016;Total 2017;Hombres 2017;Mujeres 2017;Total 2018;Hombres 2018;Mujeres 2018;Total 2019;Hombres 2019;Mujeres_2019;Total 2020;Hombres 2020;Mujeres 2020
05001;Comuna;Popular;0-4;11,898;6,078;5,820;11,799;6,027;5,772;11,684;5,970;5,714;11,684;5,964;5,720;11,596;5,917;5,679
05001;Comuna;Popular;5-9;11,789;5,991;5,798;11,707;5,941;5,766;11,624;5,894;5,730;11,664;5,909;5,755;11,607;5,880;5,727
05001;Comuna;Popular;10-14;11,112;5,638;5,474;11,113;5,636;5,477;11,139;5,636;5,503;11,275;5,683;5,592;11,336;5,697;5,639
05001;Comuna;Popular;15-19;11,254;5,620;5,634;11,056;5,535;5,521;10,888;5,481;5,407;10,972;5,607;5,365;10,988;5,664;5,324
05001;Comuna;Popular;20-24;10,910;5,397;5,513;10,779;5,311;5,468;10,658;5,218;5,440;10,555;5,114;5,441;10,423;5,021;5,402
05001;Comuna;Popular;25-29;11,008;5,286;5,722;10,956;5,285;5,671;10,816;5,237;5,579;10,630;5,132;5,498;10,475;5,050;5,425
05001;Comuna;Popular;30-34;9,698;4,422;5,276;10,037;4,616;5,421;10,398;4,827;5,571;10,648;4,953;5,695;10,823;5,051;5,772
05001;Comuna;Popular;35-39;8,889;3,955;4,934;8,971;3,990;4,981;9,058;4,029;5,029;9,140;4,051;5,089;9,336;4,152;5,184
05001;Comuna;Popular;40-44;7,771;3,437;4,334;7,859;3,479;4,380;8,030;3,558;4,472;8,137;3,586;4,551;8,250;3,628;4,622
05001;Comuna;Popular;45-49;8,585;3,880;4,705;8,280;3,732;4,548;7,948;3,566;4,382;7,610;3,382;4,228;7,439;3,290;4,149
05001;Comuna;Popular;50-54;8,276;3,749;4,527;8,382;3,804;4,578;8,426;3,829;4,597;8,317;3,769;4,548;8,186;3,704;4,482
05001;Comuna;Popular;55-59;6,494;2,908;3,586;6,789;3,045;3,744;7,062;3,174;3,888;7,231;3,253;3,978;7,402;3,331;4,071
05001;Comuna;Popular;60-64;4,640;2,066;2,574;4,860;2,158;2,702;5,105;2,262;2,843;5,300;2,342;2,958;5,538;2,447;3,091
05001;Comuna;Popular;65-69;3,302;1,451;1,851;3,426;1,504;1,922;3,551;1,556;1,995;3,646;1,595;2,051;3,791;1,653;2,138
05001;Comuna;Popular;70-74;2,094;893;1,201;2,228;946;1,282;2,365;1,007;1,358;2,462;1,046;1,416;2,564;1,088;1,476
05001;Comuna;Popular;75-79;1,604;647;957;1,589;642;947;1,556;633;923;1,510;613;897;1,509;610;899
05001;Comuna;Popular;80 Y MÁS;1,590;609;981;1,614;613;1,001;1,660;625;1,035;1,701;630;1,071;1,728;637;1,091
05001;Comuna;Santa Cruz;0-4;8,878;4,542;4,336;8,789;4,498;4,291;8,668;4,437;4,231;8,635;4,416;4,219;8,489;4,340;4,149
05001;Comuna;Santa Cruz;5-9;8,770;4,474;4,296;8,720;4,443;4,277;8,665;4,414;4,251;8,735;4,445;4,290;8,732;4,446;4,286
05001;Comuna;Santa Cruz;10-14;8,567;4,386;4,181;8,546;4,378;4,168;8,530;4,366;4,164;8,625;4,402;4,223;8,660;4,411;4,249
05001;Comuna;Santa Cruz;15-19;9,033;4,600;4,433;8,891;4,540;4,351;8,788;4,512;4,276;8,901;4,640;4,261;8,922;4,696;4,226
05001;Comuna;Santa Cruz;20-24;9,533;4,827;4,706;9,289;4,695;4,594;9,040;4,554;4,486;8,850;4,422;4,428;8,681;4,319;4,362
05001;Comuna;Santa Cruz;25-29;9,864;4,911;4,953;9,814;4,907;4,907;9,682;4,855;4,827;9,503;4,746;4,757;9,309;4,642;4,667
05001;Comuna;Santa Cruz;30-34;8,757;4,090;4,667;9,039;4,280;4,759;9,317;4,477;4,840;9,509;4,598;4,911;9,631;4,686;4,945
05001;Comuna;Santa Cruz;35-39;7,706;3,494;4,212;7,867;3,563;4,304;8,027;3,637;4,390;8,165;3,687;4,478;8,374;3,805;4,569
05001;Comuna;Santa Cruz;40-44;6,347;2,814;3,533;6,491;2,888;3,603;6,736;3,012;3,724;6,939;3,091;3,848;7,135;3,180;3,955
05001;Comuna;Santa Cruz;45-49;7,369;3,290;4,079;7,037;3,134;3,903;6,704;2,973;3,731;6,395;2,813;3,582;6,269;2,746;3,523
05001;Comuna;Santa Cruz;50-54;7,990;3,517;4,473;7,978;3,521;4,457;7,871;3,486;4,385;7,627;3,370;4,257;7,400;3,269;4,131
05001;Comuna;Santa Cruz;55-59;6,139;2,614;3,525;6,554;2,801;3,753;6,964;2,991;3,973;7,233;3,115;4,118;7,424;3,205;4,219
05001;Comuna;Santa Cruz;60-64;4,388;1,858;2,530;4,581;1,926;2,655;4,812;2,010;2,802;5,022;2,085;2,937;5,305;2,198;3,107
05001;Comuna;Santa Cruz;65-69;3,318;1,377;1,941;3,424;1,419;2,005;3,521;1,457;2,064;3,589;1,484;2,105;3,710;1,523;2,187
05001;Comuna;Santa Cruz;70-74;2,116;848;1,268;2,257;900;1,357;2,417;961;1,456;2,541;1,004;1,537;2,654;1,049;1,605
05001;Comuna;Santa Cruz;75-79;1,492;547;945;1,471;544;927;1,461;545;916;1,465;548;917;1,522;567;955
05001;Comuna;Santa Cruz;80 Y MÁS;1,725;588;1,137;1,766;597;1,169;1,821;603;1,218;1,786;597;1,189;1,790;591;1,199
05001;Comuna;Manrique;0-4;11,507;5,884;5,623;11,440;5,854;5,586;11,341;5,805;5,536;11,340;5,800;5,540;11,189;5,722;5,467
05001;Comuna;Manrique;5-9;11,381;5,805;5,576;11,314;5,766;5,548;11,266;5,741;5,525;11,380;5,798;5,582;11,411;5,819;5,592
05001;Comuna;Manrique;10-14;11,335;5,823;5,512;11,312;5,816;5,496;11,296;5,801;5,495;11,418;5,847;5,571;11,461;5,858;5,603
05001;Comuna;Manrique;15-19;11,913;6,106;5,807;11,756;6,048;5,708;11,668;6,038;5,630;11,857;6,228;5,629;11,923;6,322;5,601
05001;Comuna;Manrique;20-24;12,796;6,539;6,257;12,422;6,338;6,084;12,080;6,150;5,930;11,821;5,977;5,844;11,600;5,848;5,752
05001;Comuna;Manrique;25-29;13,862;7,081;6,781;13,701;7,005;6,696;13,407;6,855;6,552;13,036;6,627;6,409;12,680;6,428;6,252
05001;Comuna;Manrique;30-34;11,982;5,917;6,065;12,536;6,248;6,288;13,087;6,578;6,509;13,474;6,778;6,696;13,688;6,897;6,791
05001;Comuna;Manrique;35-39;10,216;4,830;5,386;10,458;4,974;5,484;10,745;5,145;5,600;11,040;5,298;5,742;11,449;5,532;5,917
05001;Comuna;Manrique;40-44;9,324;4,317;5,007;9,325;4,327;4,998;9,465;4,402;5,063;9,598;4,455;5,143;9,774;4,546;5,228
05001;Comuna;Manrique;45-49;11,791;5,445;6,346;11,208;5,181;6,027;10,584;4,890;5,694;9,971;4,582;5,389;9,609;4,408;5,201
05001;Comuna;Manrique;50-54;12,654;5,721;6,933;12,622;5,733;6,889;12,523;5,713;6,810;12,222;5,580;6,642;11,887;5,435;6,452
05001;Comuna;Manrique;55-59;10,964;4,816;6,148;11,293;4,978;6,315;11,543;5,107;6,436;11,625;5,159;6,466;11,709;5,213;6,496
05001;Comuna;Manrique;60-64;7,519;3,294;4,225;8,057;3,510;4,547;8,632;3,738;4,894;9,090;3,918;5,172;9,505;4,092;5,413
05001;Comuna;Manrique;65-69;5,282;2,280;3,002;5,460;2,353;3,107;5,636;2,427;3,209;5,815;2,496;3,319;6,119;2,613;3,506
05001;Comuna;Manrique;70-74;3,358;1,400;1,958;3,568;1,482;2,086;3,808;1,580;2,228;3,990;1,649;2,341;4,161;1,717;2,444
05001;Comuna;Manrique;75-79;2,206;856;1,350;2,238;870;1,368;2,267;883;1,384;2,293;895;1,398;2,382;926;1,456
05001;Comuna;Manrique;80 Y MÁS;2,288;808;1,480;2,360;823;1,537;2,387;837;1,550;2,404;840;1,564;2,443;843;1,600
05001;Comuna;Aranjuez;0-4;10,160;5,197;4,963;10,047;5,144;4,903;9,904;5,073;4,831;9,854;5,043;4,811;9,672;4,951;4,721
05001;Comuna;Aranjuez;5-9;10,290;5,260;5,030;10,206;5,214;4,992;10,134;5,177;4,957;10,197;5,209;4,988;10,182;5,205;4,977
05001;Comuna;Aranjuez;10-14;10,387;5,359;5,028;10,357;5,348;5,009;10,330;5,330;5,000;10,439;5,375;5,064;10,469;5,381;5,088
05001;Comuna;Aranjuez;15-19;11,121;5,766;5,355;10,976;5,711;5,265;10,896;5,696;5,200;11,079;5,874;5,205;11,143;5,960;5,183
05001;Comuna;Aranjuez;20-24;12,355;6,381;5,974;11,936;6,167;5,769;11,551;5,967;5,584;11,276;5,794;5,482;11,048;5,667;5,381
05001;Comuna;Aranjuez;25-29;14,110;7,277;6,833;13,804;7,133;6,671;13,388;6,925;6,463;12,929;6,656;6,273;12,491;6,423;6,068
05001;Comuna;Aranjuez;30-34;13,342;6,628;6,714;13,695;6,871;6,824;13,991;7,088;6,903;14,123;7,172;6,951;14,128;7,197;6,931
05001;Comuna;Aranjuez;35-39;11,142;5,320;5,822;11,557;5,546;6,011;12,004;5,792;6,212;12,392;5,986;6,406;12,791;6,216;6,575
05001;Comuna;Aranjuez;40-44;9,818;4,521;5,297;9,851;4,557;5,294;10,017;4,660;5,357;10,202;4,746;5,456;10,468;4,888;5,580
05001;Comuna;Aranjuez;45-49;11,855;5,442;6,413;11,339;5,196;6,143;10,794;4,930;5,864;10,263;4,650;5,613;9,961;4,501;5,460
05001;Comuna;Aranjuez;50-54;12,701;5,641;7,060;12,631;5,647;6,984;12,500;5,622;6,878;12,199;5,497;6,702;11,879;5,361;6,518
05001;Comuna;Aranjuez;55-59;11,386;4,932;6,454;11,616;5,031;6,585;11,784;5,109;6,675;11,805;5,121;6,684;11,831;5,143;6,688
05001;Comuna;Aranjuez;60-64;8,563;3,706;4,857;8,990;3,867;5,123;9,424;4,027;5,397;9,741;4,138;5,603;10,039;4,250;5,789
05001;Comuna;Aranjuez;65-69;6,087;2,597;3,490;6,352;2,702;3,650;6,612;2,807;3,805;6,828;2,887;3,941;7,128;2,994;4,134
05001;Comuna;Aranjuez;70-74;3,850;1,586;2,264;4,103;1,684;2,419;4,378;1,790;2,588;4,596;1,871;2,725;4,814;1,955;2,859
05001;Comuna;Aranjuez;75-79;2,523;950;1,573;2,551;965;1,586;2,578;984;1,594;2,616;1,000;1,616;2,738;1,046;1,692
05001;Comuna;Aranjuez;80 Y MÁS;2,906;984;1,922;2,904;986;1,918;2,928;991;1,937;2,950;985;1,965;2,966;982;1,984
05001;Comuna;Castilla;0-4;7,908;4,045;3,863;7,844;4,015;3,829;7,730;3,958;3,772;7,705;3,942;3,763;7,553;3,863;3,690
05001;Comuna;Castilla;5-9;8,056;4,112;3,944;7,986;4,071;3,915;7,911;4,033;3,878;7,972;4,061;3,911;7,963;4,062;3,901
05001;Comuna;Castilla;10-14;8,289;4,259;4,030;8,228;4,230;3,998;8,154;4,189;3,965;8,195;4,198;3,997;8,184;4,183;4,001
05001;Comuna;Castilla;15-19;8,927;4,571;4,356;8,743;4,491;4,252;8,684;4,485;4,199;8,851;4,643;4,208;8,886;4,706;4,180
05001;Comuna;Castilla;20-24;11,309;5,751;5,558;10,642;5,403;5,239;9,943;5,038;4,905;9,378;4,719;4,659;8,942;4,487;4,455
05001;Comuna;Castilla;25-29;12,499;6,378;6,121;12,446;6,348;6,098;12,262;6,243;6,019;11,961;6,044;5,917;11,541;5,810;5,731
05001;Comuna;Castilla;30-34;11,162;5,484;5,678;11,560;5,734;5,826;11,943;5,983;5,960;12,224;6,133;6,091;12,398;6,232;6,166
05001;Comuna;Castilla;35-39;9,743;4,616;5,127;10,021;4,759;5,262;10,335;4,920;5,415;10,638;5,060;5,578;10,993;5,255;5,738
05001;Comuna;Castilla;40-44;9,166;4,189;4,977;9,083;4,176;4,907;9,198;4,257;4,941;9,350;4,324;5,026;9,546;4,425;5,121
05001;Comuna;Castilla;45-49;13,015;5,911;7,104;12,129;5,504;6,625;11,181;5,067;6,114;10,298;4,642;5,656;9,724;4,381;5,343
05001;Comuna;Castilla;50-54;14,573;6,579;7,994;14,627;6,609;8,018;14,506;6,559;7,947;14,110;6,363;7,747;13,604;6,129;7,475
05001;Comuna;Castilla;55-59;11,535;5,153;6,382;12,250;5,480;6,770;12,972;5,807;7,165;13,497;6,039;7,458;13,885;6,210;7,675
05001;Comuna;Castilla;60-64;8,794;3,857;4,937;9,130;4,008;5,122;9,481;4,164;5,317;9,827;4,314;5,513;10,311;4,530;5,781
05001;Comuna;Castilla;65-69;6,279;2,699;3,580;6,665;2,861;3,804;7,044;3,019;4,025;7,344;3,143;4,201;7,676;3,280;4,396
05001;Comuna;Castilla;70-74;3,953;1,644;2,309;4,253;1,764;2,489;4,576;1,892;2,684;4,854;2,002;2,852;5,137;2,117;3,020
05001;Comuna;Castilla;75-79;2,615;1,038;1,577;2,652;1,051;1,601;2,693;1,070;1,623;2,752;1,086;1,666;2,907;1,138;1,769
05001;Comuna;Castilla;80 Y MÁS;2,524;926;1,598;2,622;959;1,663;2,748;992;1,756;2,829;1,014;1,815;2,908;1,035;1,873
05001;Comuna;Doce de Octubre;0-4;12,866;6,590;6,276;12,714;6,507;6,207;12,509;6,397;6,112;12,448;6,361;6,087;12,217;6,240;5,977
05001;Comuna;Doce de Octubre;5-9;12,675;6,480;6,195;12,562;6,419;6,143;12,472;6,371;6,101;12,544;6,405;6,139;12,514;6,390;6,124
05001;Comuna;Doce de Octubre;10-14;12,570;6,423;6,147;12,473;6,383;6,090;12,408;6,353;6,055;12,503;6,387;6,116;12,510;6,389;6,121
05001;Comuna;Doce de Octubre;15-19;13,675;6,944;6,731;13,301;6,766;6,535;13,008;6,652;6,356;13,057;6,780;6,277;12,980;6,803;6,177
05001;Comuna;Doce de Octubre;20-24;15,301;7,734;7,567;14,749;7,433;7,316;14,170;7,114;7,056;13,688;6,821;6,867;13,239;6,564;6,675
05001;Comuna;Doce de Octubre;25-29;16,013;8,055;7,958;15,935;8,024;7,911;15,706;7,902;7,804;15,364;7,674;7,690;14,981;7,463;7,518
05001;Comuna;Doce de Octubre;30-34;14,012;6,714;7,298;14,512;7,035;7,477;15,017;7,362;7,655;15,391;7,567;7,824;15,614;7,696;7,918
05001;Comuna;Doce de Octubre;35-39;12,491;5,677;6,814;12,670;5,795;6,875;12,863;5,929;6,934;13,069;6,047;7,022;13,413;6,261;7,152
05001;Comuna;Doce de Octubre;40-44;11,436;5,098;6,338;11,435;5,096;6,339;11,654;5,202;6,452;11,862;5,275;6,587;12,054;5,369;6,685
05001;Comuna;Doce de Octubre;45-49;15,426;6,995;8,431;14,508;6,554;7,954;13,463;6,054;7,409;12,482;5,557;6,925;11,894;5,261;6,633
05001;Comuna;Doce de Octubre;50-54;16,193;7,352;8,841;16,409;7,458;8,951;16,509;7,510;8,999;16,280;7,381;8,899;15,896;7,183;8,713
05001;Comuna;Doce de Octubre;55-59;13,584;6,095;7,489;14,151;6,366;7,785;14,668;6,613;8,055;15,010;6,773;8,237;15,346;6,928;8,418
05001;Comuna;Doce de Octubre;60-64;9,986;4,472;5,514;10,555;4,712;5,843;11,163;4,970;6,193;11,679;5,182;6,497;12,234;5,426;6,808
05001;Comuna;Doce de Octubre;65-69;7,227;3,168;4,059;7,568;3,324;4,244;7,902;3,476;4,426;8,193;3,604;4,589;8,596;3,776;4,820
05001;Comuna;Doce de Octubre;70-74;4,586;1,940;2,646;4,926;2,082;2,844;5,301;2,238;3,063;5,608;2,364;3,244;5,918;2,497;3,421
05001;Comuna;Doce de Octubre;75-79;3,141;1,270;1,871;3,150;1,269;1,881;3,180;1,284;1,896;3,228;1,297;1,931;3,385;1,353;2,032
05001;Comuna;Doce de Octubre;80 Y MÁS;3,057;1,127;1,930;3,169;1,179;1,990;3,315;1,222;2,093;3,394;1,247;2,147;3,476;1,267;2,209
05001;Comuna;Robledo;0-4;10,967;5,611;5,356;10,897;5,575;5,322;10,805;5,529;5,276;10,820;5,534;5,286;10,717;5,483;5,234
05001;Comuna;Robledo;5-9;11,179;5,715;5,464;11,153;5,700;5,453;11,119;5,682;5,437;11,202;5,719;5,483;11,160;5,696;5,464
05001;Comuna;Robledo;10-14;11,127;5,693;5,434;11,142;5,710;5,432;11,191;5,737;5,454;11,378;5,825;5,553;11,480;5,871;5,609
05001;Comuna;Robledo;15-19;12,347;6,313;6,034;12,065;6,181;5,884;11,879;6,110;5,769;11,990;6,252;5,738;12,010;6,319;5,691
05001;Comuna;Robledo;20-24;14,497;7,358;7,139;13,989;7,090;6,899;13,414;6,785;6,629;12,919;6,492;6,427;12,500;6,259;6,241
05001;Comuna;Robledo;25-29;14,708;7,470;7,238;14,847;7,538;7,309;14,916;7,561;7,355;14,842;7,469;7,373;14,610;7,328;7,282
05001;Comuna;Robledo;30-34;13,711;6,700;7,011;13,997;6,903;7,094;14,239;7,087;7,152;14,406;7,182;7,224;14,569;7,277;7,292
05001;Comuna;Robledo;35-39;11,785;5,554;6,231;12,195;5,775;6,420;12,623;6,004;6,619;12,965;6,164;6,801;13,314;6,363;6,951
05001;Comuna;Robledo;40-44;10,115;4,533;5,582;10,244;4,630;5,614;10,543;4,820;5,723;10,835;4,980;5,855;11,158;5,161;5,997
05001;Comuna;Robledo;45-49;12,401;5,601;6,800;11,809;5,308;6,501;11,191;4,998;6,193;10,609;4,697;5,912;10,303;4,553;5,750
05001;Comuna;Robledo;50-54;13,572;6,084;7,488;13,580;6,104;7,476;13,481;6,074;7,407;13,158;5,915;7,243;12,792;5,740;7,052
05001;Comuna;Robledo;55-59;11,764;5,178;6,586;12,245;5,400;6,845;12,686;5,608;7,078;12,936;5,720;7,216;13,133;5,814;7,319
05001;Comuna;Robledo;60-64;9,048;3,907;5,141;9,498;4,097;5,401;9,969;4,300;5,669;10,353;4,463;5,890;10,790;4,656;6,134
05001;Comuna;Robledo;65-69;6,561;2,776;3,785;6,923;2,923;4,000;7,281;3,068;4,213;7,575;3,184;4,391;7,938;3,329;4,609
05001;Comuna;Robledo;70-74;4,146;1,695;2,451;4,467;1,820;2,647;4,827;1,962;2,865;5,127;2,077;3,050;5,427;2,197;3,230
05001;Comuna;Robledo;75-79;2,497;938;1,559;2,596;984;1,612;2,710;1,035;1,675;2,835;1,086;1,749;3,045;1,163;1,882
05001;Comuna;Robledo;80 Y MÁS;2,650;932;1,718;2,759;952;1,807;2,778;971;1,807;2,860;981;1,879;2,928;992;1,936
05001;Comuna;Villa Hermosa;0-4;10,036;5,136;4,900;9,971;5,104;4,867;9,895;5,068;4,827;9,940;5,088;4,852;9,906;5,070;4,836
05001;Comuna;Villa Hermosa;5-9;10,373;5,309;5,064;10,346;5,294;5,052;10,302;5,272;5,030;10,349;5,294;5,055;10,273;5,255;5,018
05001;Comuna;Villa Hermosa;10-14;10,198;5,239;4,959;10,228;5,262;4,966;10,312;5,307;5,005;10,523;5,410;5,113;10,645;5,468;5,177
05001;Comuna;Villa Hermosa;15-19;11,544;5,943;5,601;11,280;5,822;5,458;11,024;5,715;5,309;11,046;5,808;5,238;11,027;5,850;5,177
05001;Comuna;Villa Hermosa;20-24;12,039;6,164;5,875;11,901;6,086;5,815;11,776;6,014;5,762;11,671;5,925;5,746;11,520;5,830;5,690
05001;Comuna;Villa Hermosa;25-29;12,684;6,544;6,140;12,581;6,480;6,101;12,390;6,363;6,027;12,158;6,192;5,966;11,966;6,069;5,897
05001;Comuna;Villa Hermosa;30-34;11,589;5,779;5,810;11,909;5,991;5,918;12,206;6,189;6,017;12,379;6,279;6,100;12,487;6,334;6,153
05001;Comuna;Villa Hermosa;35-39;9,797;4,651;5,146;10,075;4,817;5,258;10,353;4,983;5,370;10,579;5,101;5,478;10,856;5,266;5,590
05001;Comuna;Villa Hermosa;40-44;7,674;3,466;4,208;7,885;3,591;4,294;8,208;3,776;4,432;8,486;3,916;4,570;8,765;4,068;4,697
05001;Comuna;Villa Hermosa;45-49;8,301;3,699;4,602;7,939;3,537;4,402;7,597;3,385;4,212;7,290;3,238;4,052;7,191;3,200;3,991
05001;Comuna;Villa Hermosa;50-54;8,798;3,904;4,894;8,694;3,855;4,839;8,526;3,783;4,743;8,242;3,645;4,597;7,973;3,522;4,451
05001;Comuna;Villa Hermosa;55-59;7,514;3,295;4,219;7,737;3,391;4,346;7,934;3,478;4,456;7,998;3,500;4,498;8,029;3,506;4,523
05001;Comuna;Villa Hermosa;60-64;5,876;2,559;3,317;6,052;2,626;3,426;6,232;2,693;3,539;6,358;2,734;3,624;6,525;2,797;3,728
05001;Comuna;Villa Hermosa;65-69;4,393;1,865;2,528;4,552;1,930;2,622;4,694;1,991;2,703;4,780;2,024;2,756;4,909;2,070;2,839
05001;Comuna;Villa Hermosa;70-74;2,789;1,143;1,646;2,970;1,213;1,757;3,163;1,286;1,877;3,308;1,339;1,969;3,444;1,392;2,052
05001;Comuna;Villa Hermosa;75-79;1,985;777;1,208;1,952;760;1,192;1,928;751;1,177;1,919;741;1,178;1,978;757;1,221
05001;Comuna;Villa Hermosa;80 Y MÁS;2,455;910;1,545;2,470;903;1,567;2,485;896;1,589;2,467;878;1,589;2,456;861;1,595
05001;Comuna;Buenos Aires;0-4;7,073;3,617;3,456;6,968;3,564;3,404;6,840;3,499;3,341;6,802;3,477;3,325;6,692;3,419;3,273
05001;Comuna;Buenos Aires;5-9;7,326;3,739;3,587;7,288;3,716;3,572;7,230;3,683;3,547;7,254;3,693;3,561;7,175;3,653;3,522
05001;Comuna;Buenos Aires;10-14;7,280;3,738;3,542;7,212;3,707;3,505;7,198;3,696;3,502;7,312;3,744;3,568;7,365;3,765;3,600
05001;Comuna;Buenos Aires;15-19;9,016;4,613;4,403;8,611;4,418;4,193;8,224;4,245;3,979;8,084;4,238;3,846;7,914;4,191;3,723
05001;Comuna;Buenos Aires;20-24;10,355;5,275;5,080;10,025;5,100;4,925;9,706;4,925;4,781;9,420;4,744;4,676;9,091;4,562;4,529
05001;Comuna;Buenos Aires;25-29;11,528;5,817;5,711;11,343;5,739;5,604;11,057;5,606;5,451;10,737;5,418;5,319;10,414;5,247;5,167
05001;Comuna;Buenos Aires;30-34;10,716;5,213;5,503;11,011;5,401;5,610;11,291;5,584;5,707;11,466;5,677;5,789;11,526;5,721;5,805
05001;Comuna;Buenos Aires;35-39;9,652;4,542;5,110;9,835;4,646;5,189;10,005;4,744;5,261;10,153;4,812;5,341;10,379;4,941;5,438
05001;Comuna;Buenos Aires;40-44;8,110;3,705;4,405;8,276;3,798;4,478;8,593;3,966;4,627;8,882;4,101;4,781;9,135;4,229;4,906
05001;Comuna;Buenos Aires;45-49;10,224;4,755;5,469;9,630;4,463;5,167;9,022;4,152;4,870;8,485;3,861;4,624;8,217;3,721;4,496
05001;Comuna;Buenos Aires;50-54;11,612;5,241;6,371;11,503;5,228;6,275;11,322;5,188;6,134;10,977;5,046;5,931;10,585;4,874;5,711
05001;Comuna;Buenos Aires;55-59;10,900;4,802;6,098;11,146;4,910;6,236;11,295;4,981;6,314;11,297;4,987;6,310;11,286;4,996;6,290
05001;Comuna;Buenos Aires;60-64;8,043;3,543;4,500;8,586;3,759;4,827;9,161;3,989;5,172;9,611;4,161;5,450;10,001;4,317;5,684
05001;Comuna;Buenos Aires;65-69;5,825;2,509;3,316;6,071;2,614;3,457;6,319;2,722;3,597;6,559;2,820;3,739;6,907;2,955;3,952
05001;Comuna;Buenos Aires;70-74;3,709;1,544;2,165;3,991;1,655;2,336;4,294;1,775;2,519;4,549;1,872;2,677;4,795;1,971;2,824
05001;Comuna;Buenos Aires;75-79;2,723;1,035;1,688;2,713;1,049;1,664;2,700;1,056;1,644;2,703;1,057;1,646;2,793;1,087;1,706
05001;Comuna;Buenos Aires;80 Y MÁS;2,957;992;1,965;3,046;1,010;2,036;3,145;1,035;2,110;3,203;1,050;2,153;3,258;1,067;2,191
05001;Comuna;La Candelaria;0-4;3,169;1,622;1,547;3,111;1,593;1,518;3,037;1,555;1,482;3,006;1,538;1,468;2,912;1,491;1,421
05001;Comuna;La Candelaria;5-9;3,499;1,796;1,703;3,453;1,772;1,681;3,407;1,748;1,659;3,427;1,755;1,672;3,418;1,748;1,670
05001;Comuna;La Candelaria;10-14;3,743;1,930;1,813;3,715;1,921;1,794;3,672;1,902;1,770;3,694;1,910;1,784;3,682;1,903;1,779
05001;Comuna;La Candelaria;15-19;4,041;2,092;1,949;4,038;2,095;1,943;4,079;2,130;1,949;4,235;2,246;1,989;4,304;2,309;1,995
05001;Comuna;La Candelaria;20-24;4,810;2,501;2,309;4,557;2,365;2,192;4,355;2,253;2,102;4,226;2,169;2,057;4,135;2,113;2,022
05001;Comuna;La Candelaria;25-29;6,648;3,476;3,172;6,305;3,298;3,007;5,917;3,092;2,825;5,554;2,878;2,676;5,226;2,696;2,530
05001;Comuna;La Candelaria;30-34;7,442;3,768;3,674;7,479;3,815;3,664;7,457;3,835;3,622;7,348;3,781;3,567;7,166;3,692;3,474
05001;Comuna;La Candelaria;35-39;6,637;3,276;3,361;6,949;3,437;3,512;7,226;3,582;3,644;7,431;3,674;3,757;7,599;3,768;3,831
05001;Comuna;La Candelaria;40-44;4,902;2,370;2,532;5,157;2,500;2,657;5,542;2,701;2,841;5,934;2,887;3,047;6,303;3,070;3,233
05001;Comuna;La Candelaria;45-49;6,340;3,112;3,228;5,944;2,907;3,037;5,528;2,688;2,840;5,197;2,502;2,695;5,086;2,438;2,648
05001;Comuna;La Candelaria;50-54;7,238;3,540;3,698;7,206;3,529;3,677;7,148;3,503;3,645;6,981;3,412;3,569;6,759;3,297;3,462
05001;Comuna;La Candelaria;55-59;7,125;3,407;3,718;7,179;3,442;3,737;7,202;3,460;3,742;7,161;3,448;3,713;7,137;3,440;3,697
05001;Comuna;La Candelaria;60-64;6,285;2,970;3,315;6,452;3,041;3,411;6,601;3,104;3,497;6,681;3,132;3,549;6,761;3,169;3,592
05001;Comuna;La Candelaria;65-69;4,864;2,245;2,619;5,097;2,352;2,745;5,310;2,452;2,858;5,465;2,522;2,943;5,637;2,595;3,042
05001;Comuna;La Candelaria;70-74;3,087;1,379;1,708;3,330;1,484;1,846;3,594;1,597;1,997;3,817;1,691;2,126;4,034;1,786;2,248
05001;Comuna;La Candelaria;75-79;2,466;1,049;1,417;2,382;1,014;1,368;2,315;983;1,332;2,288;970;1,318;2,351;989;1,362
05001;Comuna;La Candelaria;80 Y MÁS;3,291;1,208;2,083;3,304;1,224;2,080;3,334;1,236;2,098;3,338;1,233;2,105;3,331;1,226;2,105
05001;Comuna;Laureles - Estadio;0-4;2,980;1,523;1,457;2,906;1,487;1,419;2,831;1,447;1,384;2,809;1,434;1,375;2,738;1,397;1,341
05001;Comuna;Laureles - Estadio;5-9;3,572;1,813;1,759;3,533;1,791;1,742;3,481;1,763;1,718;3,480;1,761;1,719;3,415;1,726;1,689
05001;Comuna;Laureles - Estadio;10-14;3,951;2,006;1,945;3,910;1,986;1,924;3,881;1,969;1,912;3,936;1,989;1,947;3,954;1,993;1,961
05001;Comuna;Laureles - Estadio;15-19;4,967;2,500;2,467;4,850;2,446;2,404;4,745;2,406;2,339;4,779;2,463;2,316;4,760;2,479;2,281
05001;Comuna;Laureles - Estadio;20-24;5,801;2,902;2,899;5,523;2,757;2,766;5,351;2,657;2,694;5,259;2,582;2,677;5,156;2,517;2,639
05001;Comuna;Laureles - Estadio;25-29;8,601;4,148;4,453;7,946;3,851;4,095;7,242;3,528;3,714;6,623;3,220;3,403;6,118;2,977;3,141
05001;Comuna;Laureles - Estadio;30-34;9,809;4,516;5,293;9,810;4,546;5,264;9,708;4,532;5,176;9,477;4,424;5,053;9,105;4,259;4,846
05001;Comuna;Laureles - Estadio;35-39;8,599;3,836;4,763;9,010;4,027;4,983;9,375;4,201;5,174;9,655;4,315;5,340;9,857;4,417;5,440
05001;Comuna;Laureles - Estadio;40-44;6,541;2,873;3,668;6,861;3,016;3,845;7,318;3,216;4,102;7,796;3,405;4,391;8,262;3,606;4,656
05001;Comuna;Laureles - Estadio;45-49;7,997;3,467;4,530;7,589;3,300;4,289;7,226;3,149;4,077;6,966;3,023;3,943;6,919;3,001;3,918
05001;Comuna;Laureles - Estadio;50-54;10,421;4,425;5,996;10,124;4,311;5,813;9,787;4,186;5,601;9,376;4,011;5,365;8,980;3,849;5,131
05001;Comuna;Laureles - Estadio;55-59;11,606;4,904;6,702;11,632;4,912;6,720;11,575;4,881;6,694;11,399;4,795;6,604;11,201;4,707;6,494
05001;Comuna;Laureles - Estadio;60-64;10,730;4,459;6,271;11,062;4,604;6,458;11,409;4,756;6,653;11,652;4,854;6,798;11,840;4,934;6,906
05001;Comuna;Laureles - Estadio;65-69;9,684;3,931;5,753;9,895;4,013;5,882;10,057;4,076;5,981;10,176;4,121;6,055;10,400;4,210;6,190
05001;Comuna;Laureles - Estadio;70-74;6,384;2,498;3,886;6,966;2,727;4,239;7,608;2,973;4,635;8,163;3,185;4,978;8,686;3,387;5,299
05001;Comuna;Laureles - Estadio;75-79;5,220;1,943;3,277;5,262;1,964;3,298;5,262;1,969;3,293;5,271;1,958;3,313;5,392;1,989;3,403
05001;Comuna;Laureles - Estadio;80 Y MÁS;5,640;1,879;3,761;5,865;1,950;3,915;6,116;2,029;4,087;6,368;2,099;4,269;6,606;2,169;4,437
05001;Comuna;La América;0-4;2,502;1,280;1,222;2,439;1,248;1,191;2,371;1,215;1,156;2,359;1,207;1,152;2,307;1,183;1,124
05001;Comuna;La América;5-9;2,924;1,504;1,420;2,883;1,479;1,404;2,841;1,456;1,385;2,831;1,446;1,385;2,774;1,411;1,363
05001;Comuna;La América;10-14;3,130;1,618;1,512;3,034;1,574;1,460;2,979;1,548;1,431;2,996;1,556;1,440;2,993;1,551;1,442
05001;Comuna;La América;15-19;4,341;2,249;2,092;4,091;2,126;1,965;3,843;2,009;1,834;3,725;1,982;1,743;3,587;1,933;1,654
05001;Comuna;La América;20-24;5,139;2,659;2,480;4,923;2,543;2,380;4,731;2,438;2,293;4,574;2,340;2,234;4,378;2,230;2,148
05001;Comuna;La América;25-29;6,419;3,329;3,090;6,154;3,196;2,958;5,843;3,030;2,813;5,554;2,853;2,701;5,292;2,705;2,587
05001;Comuna;La América;30-34;6,712;3,222;3,490;6,775;3,311;3,464;6,802;3,388;3,414;6,778;3,410;3,368;6,677;3,385;3,292
05001;Comuna;La América;35-39;6,190;2,864;3,326;6,377;2,944;3,433;6,527;3,010;3,517;6,653;3,058;3,595;6,773;3,135;3,638
05001;Comuna;La América;40-44;4,945;2,205;2,740;5,143;2,306;2,837;5,464;2,465;2,999;5,785;2,601;3,184;6,064;2,723;3,341
05001;Comuna;La América;45-49;6,919;3,022;3,897;6,418;2,807;3,611;5,957;2,599;3,358;5,597;2,425;3,172;5,440;2,354;3,086
05001;Comuna;La América;50-54;9,818;4,087;5,731;9,502;3,984;5,518;9,062;3,836;5,226;8,526;3,629;4,897;8,016;3,428;4,588
05001;Comuna;La América;55-59;9,813;4,022;5,791;10,146;4,149;5,997;10,427;4,260;6,167;10,551;4,306;6,245;10,536;4,306;6,230
05001;Comuna;La América;60-64;8,454;3,523;4,931;8,779;3,628;5,151;9,140;3,745;5,395;9,465;3,844;5,621;9,804;3,959;5,845
05001;Comuna;La América;65-69;7,465;3,079;4,386;7,678;3,164;4,514;7,823;3,217;4,606;7,938;3,254;4,684;8,155;3,322;4,833
05001;Comuna;La América;70-74;4,859;1,934;2,925;5,315;2,112;3,203;5,826;2,311;3,515;6,283;2,484;3,799;6,698;2,645;4,053
05001;Comuna;La América;75-79;3,370;1,276;2,094;3,393;1,279;2,114;3,486;1,314;2,172;3,639;1,368;2,271;3,906;1,459;2,447
05001;Comuna;La América;80 Y MÁS;3,613;1,234;2,379;3,868;1,325;2,543;4,077;1,388;2,689;4,203;1,421;2,782;4,298;1,441;2,857
05001;Comuna;San Javier;0-4;9,783;5,001;4,782;9,775;4,999;4,776;9,761;4,993;4,768;9,861;5,043;4,818;9,882;5,053;4,829
05001;Comuna;San Javier;5-9;10,601;5,410;5,191;10,642;5,426;5,216;10,646;5,423;5,223;10,735;5,464;5,271;10,684;5,436;5,248
05001;Comuna;San Javier;10-14;10,820;5,543;5,277;10,930;5,603;5,327;11,066;5,668;5,398;11,341;5,794;5,547;11,541;5,883;5,658
05001;Comuna;San Javier;15-19;11,805;6,022;5,783;11,672;5,967;5,705;11,569;5,944;5,625;11,747;6,124;5,623;11,853;6,235;5,618
05001;Comuna;San Javier;20-24;12,012;6,084;5,928;11,885;6,011;5,874;11,763;5,936;5,827;11,675;5,851;5,824;11,579;5,783;5,796
05001;Comuna;San Javier;25-29;12,025;6,111;5,914;12,005;6,107;5,898;11,923;6,063;5,860;11,787;5,951;5,836;11,656;5,868;5,788
05001;Comuna;San Javier;30-34;11,036;5,390;5,646;11,317;5,597;5,720;11,585;5,802;5,783;11,746;5,908;5,838;11,859;5,988;5,871
05001;Comuna;San Javier;35-39;10,010;4,736;5,274;10,307;4,907;5,400;10,581;5,069;5,512;10,788;5,178;5,610;11,042;5,342;5,700
05001;Comuna;San Javier;40-44;8,422;3,814;4,608;8,614;3,940;4,674;8,925;4,129;4,796;9,199;4,277;4,922;9,500;4,449;5,051
05001;Comuna;San Javier;45-49;9,214;4,157;5,057;8,838;3,983;4,855;8,472;3,811;4,661;8,133;3,639;4,494;7,993;3,580;4,413
05001;Comuna;San Javier;50-54;9,305;4,198;5,107;9,205;4,157;5,048;9,054;4,087;4,967;8,768;3,944;4,824;8,504;3,815;4,689
05001;Comuna;San Javier;55-59;7,534;3,309;4,225;7,705;3,394;4,311;7,845;3,466;4,379;7,866;3,481;4,385;7,866;3,481;4,385
05001;Comuna;San Javier;60-64;5,547;2,401;3,146;5,679;2,443;3,236;5,816;2,491;3,325;5,894;2,512;3,382;6,002;2,553;3,449
05001;Comuna;San Javier;65-69;3,967;1,667;2,300;4,049;1,698;2,351;4,130;1,731;2,399;4,165;1,740;2,425;4,237;1,763;2,474
05001;Comuna;San Javier;70-74;2,510;1,017;1,493;2,620;1,057;1,563;2,736;1,098;1,638;2,801;1,117;1,684;2,864;1,137;1,727
05001;Comuna;San Javier;75-79;1,700;643;1,057;1,693;644;1,049;1,667;636;1,031;1,633;618;1,015;1,646;619;1,027
05001;Comuna;San Javier;80 Y MÁS;2,334;890;1,444;2,239;833;1,406;2,177;792;1,385;2,104;751;1,353;2,050;719;1,331
05001;Comuna;El Poblado;0-4;3,759;1,923;1,836;3,666;1,877;1,789;3,572;1,831;1,741;3,541;1,813;1,728;3,460;1,768;1,692
05001;Comuna;El Poblado;5-9;4,276;2,178;2,098;4,212;2,142;2,070;4,149;2,108;2,041;4,147;2,104;2,043;4,091;2,078;2,013
05001;Comuna;El Poblado;10-14;4,581;2,355;2,226;4,527;2,328;2,199;4,486;2,301;2,185;4,526;2,310;2,216;4,526;2,302;2,224
05001;Comuna;El Poblado;15-19;5,479;2,783;2,696;5,353;2,731;2,622;5,261;2,704;2,557;5,317;2,781;2,536;5,306;2,806;2,500
05001;Comuna;El Poblado;20-24;6,619;3,338;3,281;6,363;3,205;3,158;6,132;3,078;3,054;5,963;2,967;2,996;5,808;2,878;2,930
05001;Comuna;El Poblado;25-29;8,444;4,159;4,285;8,189;4,063;4,126;7,880;3,928;3,952;7,582;3,768;3,814;7,278;3,615;3,663
05001;Comuna;El Poblado;30-34;9,483;4,296;5,187;9,540;4,407;5,133;9,538;4,491;5,047;9,483;4,516;4,967;9,347;4,499;4,848
05001;Comuna;El Poblado;35-39;9,364;3,924;5,440;9,600;4,071;5,529;9,808;4,214;5,594;9,972;4,325;5,647;10,106;4,449;5,657
05001;Comuna;El Poblado;40-44;8,503;3,507;4,996;8,681;3,561;5,120;8,998;3,695;5,303;9,315;3,819;5,496;9,595;3,950;5,645
05001;Comuna;El Poblado;45-49;10,983;5,028;5,955;10,461;4,706;5,755;9,942;4,361;5,581;9,500;4,043;5,457;9,280;3,862;5,418
05001;Comuna;El Poblado;50-54;13,504;6,130;7,374;13,356;6,105;7,251;13,094;6,027;7,067;12,686;5,840;6,846;12,252;5,616;6,636
05001;Comuna;El Poblado;55-59;13,162;5,852;7,310;13,622;6,063;7,559;13,988;6,239;7,749;14,174;6,330;7,844;14,270;6,387;7,883
05001;Comuna;El Poblado;60-64;10,589;4,696;5,893;11,246;4,969;6,277;11,932;5,251;6,681;12,532;5,494;7,038;13,099;5,733;7,366
05001;Comuna;El Poblado;65-69;8,184;3,564;4,620;8,634;3,760;4,874;9,065;3,945;5,120;9,475;4,118;5,357;9,989;4,326;5,663
05001;Comuna;El Poblado;70-74;5,250;2,210;3,040;5,739;2,409;3,330;6,289;2,635;3,654;6,790;2,836;3,954;7,279;3,039;4,240
05001;Comuna;El Poblado;75-79;4,153;1,697;2,456;4,086;1,662;2,424;4,060;1,641;2,419;4,097;1,642;2,455;4,287;1,702;2,585
05001;Comuna;El Poblado;80 Y MÁS;3,873;1,400;2,473;4,211;1,524;2,687;4,494;1,630;2,864;4,714;1,706;3,008;4,900;1,766;3,134
05001;Comuna;Guayabal;0-4;4,234;2,164;2,070;4,175;2,137;2,038;4,098;2,099;1,999;4,076;2,087;1,989;3,988;2,039;1,949
05001;Comuna;Guayabal;5-9;4,463;2,271;2,192;4,428;2,250;2,178;4,390;2,230;2,160;4,421;2,246;2,175;4,404;2,242;2,162
05001;Comuna;Guayabal;10-14;4,577;2,366;2,211;4,523;2,338;2,185;4,481;2,311;2,170;4,527;2,325;2,202;4,536;2,322;2,214
05001;Comuna;Guayabal;15-19;5,433;2,803;2,630;5,268;2,730;2,538;5,133;2,678;2,455;5,155;2,736;2,419;5,110;2,740;2,370
05001;Comuna;Guayabal;20-24;6,498;3,335;3,163;6,217;3,187;3,030;5,940;3,040;2,900;5,725;2,909;2,816;5,519;2,797;2,722
05001;Comuna;Guayabal;25-29;7,637;3,923;3,714;7,460;3,831;3,629;7,233;3,708;3,525;6,981;3,552;3,429;6,717;3,405;3,312
05001;Comuna;Guayabal;30-34;7,449;3,713;3,736;7,620;3,825;3,795;7,767;3,920;3,847;7,824;3,941;3,883;7,823;3,938;3,885
05001;Comuna;Guayabal;35-39;6,447;3,034;3,413;6,692;3,178;3,514;6,944;3,329;3,615;7,155;3,443;3,712;7,374;3,569;3,805
05001;Comuna;Guayabal;40-44;5,377;2,449;2,928;5,463;2,488;2,975;5,665;2,587;3,078;5,881;2,679;3,202;6,106;2,794;3,312
05001;Comuna;Guayabal;45-49;7,185;3,318;3,867;6,768;3,115;3,653;6,327;2,893;3,434;5,929;2,681;3,248;5,713;2,567;3,146
05001;Comuna;Guayabal;50-54;8,218;3,740;4,478;8,231;3,759;4,472;8,189;3,758;4,431;8,012;3,673;4,339;7,782;3,564;4,218
05001;Comuna;Guayabal;55-59;7,596;3,346;4,250;7,821;3,460;4,361;8,028;3,575;4,453;8,144;3,643;4,501;8,247;3,702;4,545
05001;Comuna;Guayabal;60-64;6,529;2,893;3,636;6,743;2,968;3,775;6,948;3,037;3,911;7,106;3,088;4,018;7,297;3,168;4,129
05001;Comuna;Guayabal;65-69;5,109;2,211;2,898;5,364;2,330;3,034;5,610;2,445;3,165;5,796;2,527;3,269;6,005;2,612;3,393
05001;Comuna;Guayabal;70-74;3,275;1,366;1,909;3,552;1,479;2,073;3,848;1,602;2,246;4,103;1,705;2,398;4,358;1,814;2,544
05001;Comuna;Guayabal;75-79;2,535;1,012;1,523;2,546;1,012;1,534;2,536;1,006;1,530;2,528;999;1,529;2,597;1,020;1,577
05001;Comuna;Guayabal;80 Y MÁS;2,398;884;1,514;2,526;925;1,601;2,653;970;1,683;2,779;1,007;1,772;2,886;1,042;1,844
05001;Comuna;Belén;0-4;8,494;4,372;4,122;8,406;4,316;4,090;8,315;4,281;4,034;8,310;4,271;4,039;8,253;4,253;4,000
05001;Comuna;Belén;5-9;9,305;4,833;4,472;9,304;4,812;4,492;9,270;4,774;4,496;9,352;4,809;4,543;9,243;4,738;4,505
05001;Comuna;Belén;10-14;9,826;5,081;4,745;9,695;5,027;4,668;9,700;5,013;4,687;9,911;5,122;4,789;10,018;5,147;4,871
05001;Comuna;Belén;15-19;12,867;6,421;6,446;12,281;6,157;6,124;11,686;5,897;5,789;11,394;5,868;5,526;11,085;5,762;5,323
05001;Comuna;Belén;20-24;14,461;7,127;7,334;14,230;6,974;7,256;13,919;6,780;7,139;13,650;6,590;7,060;13,294;6,374;6,920
05001;Comuna;Belén;25-29;15,611;7,672;7,939;15,365;7,558;7,807;15,070;7,395;7,675;14,736;7,181;7,555;14,451;6,997;7,454
05001;Comuna;Belén;30-34;15,740;7,423;8,317;15,848;7,557;8,291;15,816;7,606;8,210;15,735;7,575;8,160;15,583;7,540;8,043
05001;Comuna;Belén;35-39;13,558;6,238;7,320;14,129;6,520;7,609;14,574;6,745;7,829;14,934;6,909;8,025;15,256;7,069;8,187
05001;Comuna;Belén;40-44;10,779;4,737;6,042;11,069;4,924;6,145;11,596;5,207;6,389;12,143;5,476;6,667;12,723;5,759;6,964
05001;Comuna;Belén;45-49;14,127;6,253;7,874;13,116;5,781;7,335;12,141;5,336;6,805;11,342;4,948;6,394;10,910;4,750;6,160
05001;Comuna;Belén;50-54;17,094;7,542;9,552;16,739;7,414;9,325;16,252;7,189;9,063;15,559;6,856;8,703;14,798;6,507;8,291
05001;Comuna;Belén;55-59;16,466;7,014;9,452;16,754;7,183;9,571;16,976;7,329;9,647;16,927;7,329;9,598;16,819;7,338;9,481
05001;Comuna;Belén;60-64;13,066;5,512;7,554;13,710;5,772;7,938;14,347;6,001;8,346;14,844;6,198;8,646;15,303;6,382;8,921
05001;Comuna;Belén;65-69;9,999;4,152;5,847;10,397;4,336;6,061;10,745;4,468;6,277;11,064;4,567;6,497;11,498;4,749;6,749
05001;Comuna;Belén;70-74;6,421;2,585;3,836;6,893;2,768;4,125;7,451;2,968;4,483;7,880;3,150;4,730;8,303;3,306;4,997
05001;Comuna;Belén;75-79;4,381;1,634;2,747;4,369;1,632;2,737;4,432;1,658;2,774;4,538;1,715;2,823;4,779;1,793;2,986
05001;Comuna;Belén;80 Y MÁS;4,928;1,709;3,219;5,094;1,741;3,353;5,203;1,763;3,440;5,274;1,777;3,497;5,309;1,764;3,545
05001;Corregimiento;Palmitas;0-4;449;229;220;474;241;233;500;255;245;524;266;258;545;277;268
05001;Corregimiento;Palmitas;5-9;394;200;194;417;212;205;442;225;217;470;239;231;499;253;246
05001;Corregimiento;Palmitas;10-14;522;265;257;543;275;268;563;286;277;585;296;289;611;310;301
05001;Corregimiento;Palmitas;15-19;579;292;287;609;307;302;637;322;315;671;339;332;696;352;344
05001;Corregimiento;Palmitas;20-24;632;310;322;666;327;339;700;344;356;731;358;373;764;375;389
05001;Corregimiento;Palmitas;25-29;611;297;314;646;316;330;682;333;349;717;349;368;751;366;385
05001;Corregimiento;Palmitas;30-34;471;226;245;505;242;263;540;258;282;570;273;297;603;288;315
05001;Corregimiento;Palmitas;35-39;398;189;209;430;203;227;464;220;244;501;237;264;533;252;281
05001;Corregimiento;Palmitas;40-44;608;287;321;634;299;335;657;309;348;681;320;361;721;338;383
05001;Corregimiento;Palmitas;45-49;569;266;303;611;285;326;650;302;348;686;318;368;717;332;385
05001;Corregimiento;Palmitas;50-54;479;218;261;507;231;276;536;244;292;564;256;308;596;270;326
05001;Corregimiento;Palmitas;55-59;342;151;191;361;158;203;381;167;214;399;173;226;420;181;239
05001;Corregimiento;Palmitas;60-64;219;91;128;233;96;137;245;100;145;257;104;153;269;108;161
05001;Corregimiento;Palmitas;65-69;192;75;117;198;76;122;203;77;126;208;77;131;214;79;135
05001;Corregimiento;Palmitas;70-74;102;36;66;109;37;72;114;38;76;120;40;80;125;41;84
05001;Corregimiento;Palmitas;75-79;84;27;57;87;27;60;88;28;60;92;28;64;96;28;68
05001;Corregimiento;Palmitas;80 Y MÁS;36;4;32;31;5;26;36;5;31;43;6;37;34;6;28
05001;Corregimiento;San Cristóbal;0-4;6,480;3,299;3,181;6,985;3,555;3,430;7,474;3,805;3,669;7,943;4,043;3,900;8,345;4,249;4,096
05001;Corregimiento;San Cristóbal;5-9;6,429;3,268;3,161;6,898;3,505;3,393;7,372;3,743;3,629;7,878;3,997;3,881;8,395;4,257;4,138
05001;Corregimiento;San Cristóbal;10-14;7,930;4,017;3,913;8,400;4,256;4,144;8,826;4,469;4,357;9,256;4,683;4,573;9,684;4,896;4,788
05001;Corregimiento;San Cristóbal;15-19;7,725;3,882;3,843;8,337;4,191;4,146;8,938;4,498;4,440;9,525;4,808;4,717;10,002;5,057;4,945
05001;Corregimiento;San Cristóbal;20-24;8,602;4,228;4,374;9,241;4,540;4,701;9,839;4,832;5,007;10,411;5,105;5,306;10,974;5,377;5,597
05001;Corregimiento;San Cristóbal;25-29;8,674;4,196;4,478;9,375;4,534;4,841;10,051;4,859;5,192;10,687;5,159;5,528;11,302;5,452;5,850
05001;Corregimiento;San Cristóbal;30-34;7,333;3,459;3,874;8,014;3,780;4,234;8,688;4,097;4,591;9,320;4,389;4,931;9,916;4,666;5,250
05001;Corregimiento;San Cristóbal;35-39;6,992;3,252;3,740;7,614;3,538;4,076;8,242;3,828;4,414;8,849;4,103;4,746;9,459;4,383;5,076
05001;Corregimiento;San Cristóbal;40-44;7,729;3,602;4,127;8,303;3,863;4,440;8,862;4,116;4,746;9,402;4,355;5,047;9,980;4,614;5,366
05001;Corregimiento;San Cristóbal;45-49;6,382;2,934;3,448;6,913;3,178;3,735;7,435;3,415;4,020;7,907;3,625;4,282;8,354;3,823;4,531
05001;Corregimiento;San Cristóbal;50-54;4,259;1,931;2,328;4,641;2,100;2,541;5,020;2,269;2,751;5,372;2,423;2,949;5,713;2,574;3,139
05001;Corregimiento;San Cristóbal;55-59;3,038;1,330;1,708;3,257;1,414;1,843;3,472;1,496;1,976;3,687;1,579;2,108;3,924;1,674;2,250
05001;Corregimiento;San Cristóbal;60-64;1,748;728;1,020;1,901;785;1,116;2,049;838;1,211;2,183;884;1,299;2,306;923;1,383
05001;Corregimiento;San Cristóbal;65-69;1,163;452;711;1,243;478;765;1,322;502;820;1,398;524;874;1,480;547;933
05001;Corregimiento;San Cristóbal;70-74;823;283;540;887;301;586;947;315;632;999;327;672;1,052;340;712
05001;Corregimiento;San Cristóbal;75-79;750;227;523;780;234;546;801;236;565;814;237;577;830;238;592
05001;Corregimiento;San Cristóbal;80 Y MÁS;258;36;222;283;43;240;324;48;276;346;52;294;372;55;317
05001;Corregimiento;Altavista;0-4;3,193;1,626;1,567;3,281;1,670;1,611;3,374;1,718;1,656;3,474;1,768;1,706;3,565;1,816;1,749
05001;Corregimiento;Altavista;5-9;3,108;1,581;1,527;3,183;1,618;1,565;3,268;1,660;1,608;3,372;1,711;1,661;3,482;1,767;1,715
05001;Corregimiento;Altavista;10-14;3,485;1,765;1,720;3,538;1,792;1,746;3,592;1,818;1,774;3,664;1,853;1,811;3,743;1,891;1,852
05001;Corregimiento;Altavista;15-19;3,366;1,684;1,682;3,467;1,736;1,731;3,576;1,793;1,783;3,694;1,857;1,837;3,789;1,909;1,880
05001;Corregimiento;Altavista;20-24;3,800;1,867;1,933;3,888;1,910;1,978;3,976;1,953;2,023;4,069;1,997;2,072;4,179;2,049;2,130
05001;Corregimiento;Altavista;25-29;3,736;1,827;1,909;3,861;1,886;1,975;3,986;1,945;2,041;4,107;2,001;2,106;4,229;2,059;2,170
05001;Corregimiento;Altavista;30-34;3,139;1,498;1,641;3,270;1,562;1,708;3,404;1,625;1,779;3,536;1,685;1,851;3,665;1,746;1,919
05001;Corregimiento;Altavista;35-39;2,872;1,359;1,513;2,990;1,413;1,577;3,120;1,472;1,648;3,249;1,531;1,718;3,381;1,592;1,789
05001;Corregimiento;Altavista;40-44;3,195;1,508;1,687;3,270;1,540;1,730;3,350;1,576;1,774;3,439;1,614;1,825;3,561;1,668;1,893
05001;Corregimiento;Altavista;45-49;2,586;1,202;1,384;2,689;1,249;1,440;2,793;1,297;1,496;2,884;1,337;1,547;2,969;1,374;1,595
05001;Corregimiento;Altavista;50-54;1,846;842;1,004;1,896;862;1,034;1,952;887;1,065;2,011;912;1,099;2,081;942;1,139
05001;Corregimiento;Altavista;55-59;1,063;466;597;1,107;482;625;1,148;497;651;1,187;510;677;1,224;525;699
05001;Corregimiento;Altavista;60-64;700;289;411;717;293;424;736;297;439;759;303;456;786;312;474
05001;Corregimiento;Altavista;65-69;511;193;318;520;196;324;534;199;335;547;201;346;561;203;358
05001;Corregimiento;Altavista;70-74;409;138;271;421;139;282;434;141;293;445;141;304;458;144;314
05001;Corregimiento;Altavista;75-79;369;109;260;367;107;260;362;105;257;357;103;254;351;98;253
05001;Corregimiento;Altavista;80 Y MÁS;100;14;86;109;16;93;120;17;103;117;18;99;134;19;115
05001;Corregimiento;San Antonio;0-4;8,302;4,225;4,077;8,610;4,380;4,230;8,914;4,537;4,377;9,213;4,688;4,525;9,462;4,816;4,646
05001;Corregimiento;San Antonio;5-9;7,930;4,031;3,899;8,208;4,170;4,038;8,505;4,318;4,187;8,854;4,492;4,362;9,220;4,675;4,545
05001;Corregimiento;San Antonio;10-14;9,584;4,857;4,727;9,796;4,964;4,832;9,989;5,060;4,929;10,216;5,170;5,046;10,469;5,294;5,175
05001;Corregimiento;San Antonio;15-19;9,532;4,789;4,743;9,925;4,991;4,934;10,343;5,205;5,138;10,757;5,428;5,329;11,070;5,596;5,474
05001;Corregimiento;San Antonio;20-24;11,572;5,689;5,883;11,907;5,855;6,052;12,198;5,998;6,200;12,503;6,141;6,362;12,859;6,312;6,547
05001;Corregimiento;San Antonio;25-29;11,201;5,476;5,725;11,737;5,735;6,002;12,260;5,985;6,275;12,735;6,206;6,529;13,158;6,407;6,751
05001;Corregimiento;San Antonio;30-34;10,257;4,893;5,364;10,736;5,123;5,613;11,220;5,354;5,866;11,694;5,573;6,121;12,183;5,801;6,382
05001;Corregimiento;San Antonio;35-39;9,493;4,493;5,000;9,990;4,722;5,268;10,511;4,964;5,547;11,006;5,189;5,817;11,479;5,408;6,071
05001;Corregimiento;San Antonio;40-44;10,774;5,082;5,692;11,105;5,232;5,873;11,429;5,377;6,052;11,770;5,521;6,249;12,215;5,718;6,497
05001;Corregimiento;San Antonio;45-49;8,455;3,934;4,521;8,874;4,126;4,748;9,284;4,313;4,971;9,638;4,469;5,169;9,945;4,604;5,341
05001;Corregimiento;San Antonio;50-54;5,907;2,697;3,210;6,166;2,809;3,357;6,433;2,926;3,507;6,692;3,040;3,652;6,968;3,160;3,808
05001;Corregimiento;San Antonio;55-59;3,981;1,755;2,226;4,119;1,800;2,319;4,264;1,852;2,412;4,410;1,904;2,506;4,573;1,968;2,605
05001;Corregimiento;San Antonio;60-64;2,423;1,003;1,420;2,517;1,032;1,485;2,611;1,062;1,549;2,693;1,084;1,609;2,774;1,105;1,669
05001;Corregimiento;San Antonio;65-69;1,554;594;960;1,601;606;995;1,652;618;1,034;1,700;629;1,071;1,750;640;1,110
05001;Corregimiento;San Antonio;70-74;1,067;365;702;1,102;371;731;1,138;378;760;1,169;382;787;1,196;384;812
05001;Corregimiento;San Antonio;75-79;868;269;599;875;269;606;878;266;612;872;259;613;873;256;617
05001;Corregimiento;San Antonio;80 Y MÁS;302;42;260;326;49;277;351;52;299;363;55;308;381;57;324
05001;Corregimiento;Santa Elena;0-4;1,498;763;735;1,559;793;766;1,617;823;794;1,674;852;822;1,723;877;846
05001;Corregimiento;Santa Elena;5-9;1,439;731;708;1,491;757;734;1,548;785;763;1,614;818;796;1,683;853;830
05001;Corregimiento;Santa Elena;10-14;1,684;853;831;1,725;873;852;1,765;893;872;1,808;915;893;1,856;937;919
05001;Corregimiento;Santa Elena;15-19;1,603;806;797;1,670;840;830;1,738;875;863;1,802;910;892;1,854;939;915
05001;Corregimiento;Santa Elena;20-24;1,712;843;869;1,785;879;906;1,860;915;945;1,931;949;982;2,000;982;1,018
05001;Corregimiento;Santa Elena;25-29;1,924;941;983;1,997;976;1,021;2,073;1,013;1,060;2,145;1,046;1,099;2,226;1,085;1,141
05001;Corregimiento;Santa Elena;30-34;1,672;803;869;1,757;843;914;1,844;884;960;1,921;920;1,001;1,995;954;1,041
05001;Corregimiento;Santa Elena;35-39;1,417;671;746;1,495;706;789;1,574;744;830;1,647;777;870;1,722;812;910
05001;Corregimiento;Santa Elena;40-44;1,442;680;762;1,514;714;800;1,584;746;838;1,654;777;877;1,726;809;917
05001;Corregimiento;Santa Elena;45-49;1,434;667;767;1,488;691;797;1,543;717;826;1,599;741;858;1,659;768;891
05001;Corregimiento;Santa Elena;50-54;1,028;470;558;1,077;491;586;1,124;511;613;1,168;531;637;1,211;549;662
05001;Corregimiento;Santa Elena;55-59;656;291;365;678;298;380;708;309;399;732;318;414;761;329;432
05001;Corregimiento;Santa Elena;60-64;501;209;292;511;211;300;522;213;309;531;214;317;541;214;327
05001;Corregimiento;Santa Elena;65-69;343;133;210;353;136;217;363;138;225;372;140;232;377;140;237
05001;Corregimiento;Santa Elena;70-74;241;83;158;250;85;165;257;86;171;264;87;177;270;88;182
05001;Corregimiento;Santa Elena;75-79;155;48;107;159;49;110;161;48;113;164;50;114;166;50;116
05001;Corregimiento;Santa Elena;80 Y MÁS;40;6;34;50;7;43;47;8;39;55;8;47;58;8;50
