Lugar,Latitud,Longitud,Tipo,Fecha,Hora,App
Semicirculo bloque 21,6.2619199999999999,-75.576385000000002,Referencia 1,05-02-19,0.33333333333333331,GOOGLE MAPS
Semicirculo bloque 21,6.2618299999999998,-75.576463000000004,Toma 1,05-02-19,0.4375,MAPA COORDENADAS
Semicirculo bloque 21,6.2617529999999997,-75.576537999999999,Toma  2,05-02-19,0.5625,MAPA COORDENADAS
Semicirculo bloque 21,6.2618530000000003,-75.576464000000001,Toma 3,05-03-19,0.60416666666666663,MAPA COORDENADAS
Semicirculo bloque 21,6.2618410000000004,-75.576464000000001,Toma 4,05-03-19,0.75,MAPA COORDENADAS
Jardin al frente de la biblioteca,6.2615509999999999,-75.577462999999995,Referencia 2,05-02-19,0.34027777777777773,GOOGLE MAPS
Jardin al frente de la biblioteca,6.2614650000000003,-75.577538000000004,Toma 1,05-02-19,0.44305555555555554,MAPA COORDENADAS
Jardin al frente de la biblioteca,6.2614879999999999,-75.577537000000007,Toma 2,05-02-19,0.56944444444444442,MAPA COORDENADAS
Jardin al frente de la biblioteca,6.2613899999999996,-75.577466999999999,Toma 3,05-03-19,0.60833333333333328,MAPA COORDENADAS
Jardin al frente de la biblioteca,6.2613760000000003,-75.577406999999994,Toma 4,05-03-19,0.74444444444444446,MAPA COORDENADAS
Coliseo (Gradas),6.2651329999999996,-75.576763999999997,Referencia 3,05-02-19,0.31944444444444448,GOOGLE MAPS
Coliseo (Gradas),6.2650459999999999,-75.576840000000004,Toma 1,05-02-19,0.43472222222222223,MAPA COORDENADAS
Coliseo (Gradas),6.2650690000000004,-75.576836999999998,Toma 2 ,05-02-19,0.55833333333333335,MAPA COORDENADAS
Coliseo (Gradas),6.2649790000000003,-75.576910999999996,Toma 3,05-03-19,0.59722222222222221,MAPA COORDENADAS
Coliseo (Gradas),6.2649790000000003,-75.576853,Toma 4,05-03-19,0.75694444444444453,MAPA COORDENADAS
,,,,,,,,
,,,,,,,,
,,,,,,,,
,,,,,,,,
,,,,,,,,
,,,,,,,,
