Lugar,Latitud,Longitud,Tipo,Fecha,Hora,App
Piscina Olímpica-Vestieres,6.2646410000000001,-75.577509000000006,Referencia 1,01/05/19,18:51,Google Maps.
Piscina Olímpica-Vestieres,6.2647500000000003,-75.577539999999999,Toma 1,30/04/19,13:11,Mi ubicación GPS
Piscina Olímpica-Vestieres,6.2647500000000003,-75.577520000000007,Toma 2,30/04/19,15:00,Mi ubicación GPS
Piscina Olímpica-Vestieres,6.2646800000000002,-75.577510000000004,Toma 3,02/05/19,10:44,Mi ubicación GPS
Piscina Olímpica-Vestieres,6.26478,-75.577439999999996,Toma 4,02/05/19,12:53,Mi ubicación GPS
,,,,,,
,,,,,,
Lugar,Latitud,Longitud,Tipo,Fecha,Hora,App
Rapicopias,6.26213,-75.577327999999994,Referencia 1,01/05/19,19:02,Google Maps
Rapicopias,6.2619600000000002,-75.577389999999994,Toma 1,30/04/19,12:57,Mi ubicación GPS
Rapicopias,6.2620300000000002,-75.577389999999994,Toma 2,30/04/19,15:23,Mi ubicación GPS
Rapicopias,6.2619800000000003,-75.577250000000006,Toma 3,02/05/19,10:27,Mi ubicación GPS
Rapicopias,6.2619699999999998,-75.577370000000002,Toma 4,02/05/19,14:38,Mi ubicación GPS
,,,,,,
,,,,,,
Lugar,Latitud,Longitud,Tipo,Fecha,Hora,App
Entrada Polideportivo,6.2649379999999999,-75.576974000000007,Referencia 1,01/05/19,19:05,Google Maps
Entrada Polideportivo,6.2648700000000002,-75.576840000000004,Toma 1,30/04/19,13:10,Mi ubicación GPS
Entrada Polideportivo,6.2649499999999998,-75.576809999999995,Toma 2,30/04/19,15:15,Mi ubicación GPS
Entrada Polideportivo,6.2650600000000001,-75.576849999999993,Toma 3,02/05/19,10:52,Mi ubicación GPS
Entrada Polideportivo,6.2651000000000003,-75.576830000000001,Toma 4,02/05/19,13:00,Mi ubicación GPS
,,,,,,
,,,,,,
