Lugar,Latitud,Longitud,Tipo,Fecha,Hora,App
Teléfono público UNE-entrada polideportivo ,6.2647849999999998,-75.576856000000006,Referencia 1,05-02-19,10:07,Google Maps
Teléfono público UNE-entrada polideportivo ,6.2646800000000002,-75.576828000000006,Toma 1,05-02-19,12:19,Mapa Coordenadas 
Teléfono público UNE-entrada polideportivo ,6.2646519999999999,-75.576849999999993,Toma 2,05-02-19,14:31,Mapa Coordenadas 
Teléfono público UNE-entrada polideplrtivo,6.2651620000000001,-75.576886999999999,Toma 3,05-02-19,16:43,Mapa Coordenadas 
Teléfono público UNE-entrada polideportivo ,6.2651529999999998,-75.576882999999995,Toma 4,05-03-19,08:02,Mapa Coordenadas 
Gimnasio al aire libre frente a portería de la 65,6.2606679999999999,-75.578750999999997,Referencia 2,05-02-19,10:13,Google Maps
Gimnasio al aire libre frente a portería de la 65,6.26065,-75.578841999999995,Toma 1,05-02-19,12:27,Mapa Coordenadas 
Gimnasio al aire libre frente a portería de la 65,6.2606799999999998,-75.578778999999997,Toma 2,05-02-19,14:41,Mapa Coordenadas 
Gimnasio al aire libre frente a portería de la 65,6.2606830000000002,-75.578823,Toma 3,05-02-19,16:52,Mapa Coordenadas 
Gimnasio al aire libre frente a portería de la 65,6.2605909999999998,-75.578829999999996,Toma 4,05-03-19,07:54,Mapa Coordenadas 
Teléfonos públicos frente a restaurante Vergel,6.2611689999999998,-75.576666000000003,Referencia 3,05-02-19,10:40,Google Maps
Teléfonos públicos frente a restaurante Vergel,6.2612550000000002,-75.576831999999996,Toma 1,05-02-19,12:50,Mapa Coordenadas 
Teléfonos públicos frente a restaurante Vergel,6.2613110000000001,-75.576532999999998,Toma 2,05-02-19,14:53,Mapa Coordenadas 
Teléfonos públicos frente a restaurante Vergel,6.2611929999999996,-75.576747999999995,Toma 3,05-02-19,16:57,Mapa Coordenadas 
Teléfonos públicos frente a restaurante Vergel,6.2612639999999997,-75.576633999999999,Toma 4,05-03-19,07:49,Mapa Coordenadas 
