Lugar,longitud,Latitud,Tipo,Fecha,Hora,App,Imagen,
Polideportivo,6.264732,-75.576954999999998,Referencia 1,04-30-19,4:26pm,Google Maps,,
Polideportivo,6.2648,-75.576759999999993,Toma 1,05-01-19,10:20am,Mi ubicación gps,,
Polideportivo,6.264610,-75.576849999999993,Toma 2,05-01-19,1:36pm,Mi ubicación gps,,
Polideportivo,6.264750,-75.576948999999999,Toma 3,05-03-19,11:20am,Mi ubicación gps,,
Polideportivo,6.264641,-75.576942000000003,Toma 4,05-03-19,2:25pm,Mi ubicación gps,,
Esquina Bloque 46,6.2622900000000001,-75.577489999999997,Referencia 2,04-30-19,4:41pm,Google Maps,,
Esquina Bloque 46,6.262467,-75.576999999999998,Toma 1,05-01-19,10:42am,Mi ubicación gps,,
Esquina Bloque 46,6.2626499999999998,-75.576539999999994,Toma 2,05-01-19,1:53pm,Mi ubicación gps,,
Esquina Bloque 46,6.26248,-75.577223000000004,Toma 3,05-03-19,11:32am,Mi ubicación gps,,
Esquina Bloque 46,6.262467,-75.572490000000002,Toma 4,05-03-19,2:56pm,Mi ubicación gps,,
Enfrente la cancha de voleyplaya,6.2627730000000001,-75.576632000000004,Referencia 3,04-30-19,4:53pm,Google Maps,,
Enfrente la cancha de voleyplaya,6.2626299999999997,-75.577129999999997,Toma 1,05-01-19,11:42am,Mi ubicación gps,,
Enfrente la cancha de voleyplaya,6.2631199999999998,-75.577010000000001,Toma 2,05-01-19,2:12pm,Mi ubicación gps,,
Enfrente la cancha de voleyplaya,6.2628500000000003,-75.576629999999994,Toma 3,05-03-19,11:36am,Mi ubicación gps,,
Enfrente la cancha de voleyplaya,6.2627899999999999,-75.576759999999993,Toma 4,05-03-19,3:06pm,Mi ubicación gps,,
