Lugar ,Latitud,Longitud,Tipo,Fecha ,Hora,app
Entrada Del Coliseo,6.2648070000000002,-75.576841999999999,Referencia 1,05-01-19,08:10,Google Maps
Entrada Del Coliseo,6.2647979999999999,-75.576877999999994,Toma 1,05-02-19,07:33,GPS Status
Entrada Del Coliseo,6.2647959999999996,-75.576884000000007,Toma 2,05-02-19,10:07,GPS Status
Entrada Del Coliseo,6.2647909999999998,-75.576877999999994,Toma 3,05-03-19,13:35,GPS Status
Entrada Del Coliseo,6.2647969999999997,-75.576875000000001,Toma 4,05-03-19,16:04,GPS Status
Centro Del Agora,6.2621799999999999,-75.577178000000004,Referencia 2,05-01-19,08:11,Google Maps
Centro Del Agora,6.2621760000000002,-75.577180999999996,Toma 1,05-02-19,07:39,GPS Status
Centro Del Agora,6.2621739999999999,-75.577189000000004,Toma 2,05-02-19,10:15,GPS Status
Centro Del Agora,6.2621770000000003,-75.577188000000007,Toma 3,05-03-19,13:42,GPS Status
Centro Del Agora,6.2621820000000001,-75.577184000000003,Toma 4,05-03-19,16:11,GPS Status
Entrada Del Bloque  41 ,6.2614599999999996,-75.577190999999999,Referencia 3,05-01-19,08:13,Google Maps
Entrada Del Bloque  41 ,6.2614470000000004,-75.577178000000004,Toma 1,05-02-19,07:48,GPS Status
Entrada Del Bloque  41 ,6.2614570000000001,-75.577174999999997,Toma 2,05-02-19,10:23,GPS Status
Entrada Del Bloque  41 ,6.2614539999999996,-75.577183000000005,Toma 3,05-03-19,13:53,GPS Status
Entrada Del Bloque  41 ,6.26145,-75.577181999999993,Toma 4,05-03-19,16:20,GPS Status
