Lugar,latitud,longitud,tipo,Fecha,Hora,App
Plazoleta central Fac. Humanidades (bloq. 46),6.2626569999999999,-75.577569999999994,Referencia 1,05-01-19,20:30,Google Maps
Plazoleta central Fac. Humanidades (bloq. 46),6.2626330000000001,-75.577588000000006,Toma 1,04-30-19,13:26,Mapa Coordenadas
Plazoleta central Fac. Humanidades (bloq. 46),6.2626470000000003,-75.577589000000003,Toma 2,05-02-19,09:10,Mapa Coordenadas
Plazoleta central Fac. Humanidades (bloq. 46),6.2626439999999999,-75.577595000000002,Toma 3,05-02-19,12:27,Mapa Coordenadas
Plazoleta central Fac. Humanidades (bloq. 46),6.2626480000000004,-75.577601999999999,Toma 4,05-03-19,12:27,Mapa Coordenadas

Lugar,latitud,longitud,tipo,Fecha,Hora,App
Sala de sistemas Fac. Ciencias exactas (bloq. 21),6.2619290000000003,-75.576065999999997,Referencia 2,05-01-19,20:31,Google Maps
Sala de sistemas Fac. Ciencias exactas (bloq. 21),6.2620089999999999,-75.576078999999993,Toma 1,04-30-19,13:31,Mapa Coordenadas
Sala de sistemas Fac. Ciencias exactas (bloq. 21),6.2620089999999999,-75.576057000000006,Toma 2,05-02-19,09:06,Mapa Coordenadas
Sala de sistemas Fac. Ciencias exactas (bloq. 21),6.2619860000000003,-75.576042999999999,Toma 3,05-02-19,12:40,Mapa Coordenadas
Sala de sistemas Fac. Ciencias exactas (bloq. 21),6.2620100000000001,-75.576055999999994,Toma 4,05-03-19,12:31,Mapa Coordenadas

Lugar,latitud,longitud,tipo,Fecha,Hora,App
Entrada del coliseo polideportivo,6.2648070000000002,-75.576954000000001,Referencia 3,05-01-19,20:32,Google Maps
Entrada del coliseo polideportivo,6.2649790000000003,-75.576920000000001,Toma 1,04-30-19,13:37,Mapa Coordenadas
Entrada del coliseo polideportivo,6.2650480000000002,-75.576862000000006,Toma 2,05-02-19,09:14,Mapa Coordenadas
Entrada del coliseo polideportivo,6.2650550000000003,-75.576898999999997,Toma 3,05-02-19,12:23,Mapa Coordenadas
Entrada del coliseo polideportivo,6.2650090000000001,-75.576908000000003,Toma 4,05-03-19,14:29,Mapa Coordenadas
