Lugar,Latitud,Longitud,Tipo,Fecha,Hora,App

Frente de la entrada a la biblioteca ,6.26173,-75.5779,Referencia 1,30/05/19,14:11,Google Maps.
Frente de la entrada a la biblioteca ,6.2617180000000001,-75.577727999999993,Toma 1,02/05/19,07:05,Mapa Coordenadas
Frente de la entrada a la biblioteca ,6.2617159999999998,-75.577691000000002,Toma 2,02/05/19,09:03,Mapa Coordenadas
Frente de la entrada a la biblioteca ,6.2616860000000001,-75.577727999999993,Toma 3,02/05/19,11:07,Mapa Coordenadas
Frente de la entrada a la biblioteca ,6.2616889999999996,-75.577721999999994,Toma 4,02/05/19,15:01,Mapa Coordenadas
,,,,,,
Frente al bloque 46,6.2626394999999997,-75.577313399999994,Referencia 1,30/05/19,14:14,Google Maps.
Frente al bloque 46,6.2626249999999999,-75.577335000000005,Toma 1,02/05/19,07:16,Mapa Coordenadas
Frente al bloque 46,6.2625950000000001,-75.577478999999997,Toma 2,02/05/19,09:18,Mapa Coordenadas
Frente al bloque 46,6.2625999999999999,-75.577391000000006,Toma 3,02/05/19,11:27,Mapa Coordenadas
Frente al bloque 46,6.2625989999999998,-75.577471000000003,Toma 4,02/05/19,15:10,Mapa Coordenadas
,,,,,,
,,,,,,
Frente papeleria bloque 25,6.2629808999999996,-75.576063099999999,Referencia 1,30/05/19,14:15,Google Maps.
Frente papeleria bloque 25,6.2628409999999999,-75.576165000000003,Toma 1,02/05/19,07:20,Mapa Coordenadas
Frente papeleria bloque 25,6.2628709999999996,-75.576161999999997,Toma 2,02/05/19,09:30,Mapa Coordenadas
Frente papeleria bloque 25,6.2628209999999997,-75.576175000000006,Toma 3,02/05/19,11:45,Mapa Coordenadas
Frente papeleria bloque 25,6.262829,-75.576171000000002,Toma 4,02/05/19,15:30,Mapa Coordenadas
