Lugar,latitud,longitud,tipo,Fecha,Hora,App
alcantarilla frente al bloque 46,6.262581,-75.577359999999999,Referencia 1,05/05/19,1.4583333333333332E-2,Google Maps.
alcantarilla frente al bloque 46,6.2625830000000002,-75.5772222222,Toma 1,30/04/19,11:24,Google Maps.
alcantarilla frente al bloque 46,6.2625010000000003,-75.57722213,Toma 2,03/05/19,10:30,Google Maps.
alcantarilla frente al bloque 46,6.2625080000000004,-75.577284000000006,Toma 3,03/05/19,12:24,Google Maps.
alcantarilla frente al bloque 46,6.2625979999999997,-75.577360999999996,Toma 4,03/05/19,14:04,Google Maps.
,,,,,,
Lugar,latitud,longitud,tipo,Fecha,Hora,App
agora sengudo piso frente la venta de sanduches,6.262365,-75.577217000000005,Referencia 1,05-05-19,3.1944444444444449E-2,Google Maps.
agora sengudo piso frente la venta de sanduches,6.2623559999999996,-75.576944444399999,Toma 1,04-30-19,0.49861111111111112,Google Maps.
agora sengudo piso frente la venta de sanduches,6.2605555555599999,-75.577222222200007,Toma 2,05-03-19,0.44027777777777777,Google Maps.
agora sengudo piso frente la venta de sanduches,6.2625060000000001,-75.577169999999995,Toma 3,05-03-19,0.51874999999999993,Google Maps.
agora sengudo piso frente la venta de sanduches,6.2619699999999998,-75.576920999999999,Toma 4,05-03-19,0.58750000000000002,Google Maps.

Lugar,latitud,longitud,tipo,Fecha,Hora,App
fila ATM bancolombia,6.2603169999999997,-75.578006000000002,Referencia 1,05-05-19,3.3333333333333333E-2,Google Maps.
fila ATM bancolombia,6.2602777777799998,-75.578055555600002,Toma 1,04-30-19,0.52152777777777781,Google Maps.
fila ATM bancolombia,6.2603900000000001,-75.578069999999997,Toma 2,05-03-19,0.45069444444444445,Google Maps.
fila ATM bancolombia,6.2605959999999996,-75.578242000000003,Toma 3,05-03-19,0.52916666666666667,Google Maps.
fila ATM bancolombia,6.2602760000000002,-75.578159999999997,Toma 4,05-03-19,0.59375,Google Maps.
