Lugar,Latitud,Longitud,Tipo,Fecha,Hora,App
Mesas del 3er piso del bloque 46,6.2626470000000003,-75.577428999999995,Referencia 1,03/05/19,12:10,Google Maps
Mesas del 3er piso del bloque 46,6.262683,-75.577380000000005,Toma 1,03/05/19,12:20,AndLocation
Mesas del 3er piso del bloque 46,6.262645,-75.576904999999996,Toma 2,03/05/19,03:10,AndLocation
Mesas del 3er piso del bloque 46,6.2626330000000001,-75.575761,Toma 3,06/05/19,11:07,AndLocation
Mesas del 3er piso del bloque 46,6.2626330000000001,-75.577309999999997,Toma 4,06/05/19,02:30,AndLocation
Polideportivo UNAL,6.2648029999999997,-75.576891000000003,Referencia 2,03/05/19,12:11,Google Maps
Polideportivo UNAL,6.2627379999999997,-75.577490999999995,Toma 1,03/05/19,12:25,AndLocation
Polideportivo UNAL,6.2627240000000004,-75.577385000000007,Toma 2,03/05/19,03:15,AndLocation
Polideportivo UNAL,6.2627300000000004,-75.577380000000005,Toma 3,06/05/19,11:13,AndLocation
Polideportivo UNAL,6.2627309999999996,-75.57741,Toma 4,06/05/19,02:35,AndLocation
Mesas del Agora ,6.2620659999999999,-75.577290000000005,Referencia 3,03/05/19,12:13,Google Maps
Mesas del Agora ,6.2619530000000001,-75.577275,Toma 1,03/05/19,12:30,AndLocation
Mesas del Agora ,6.2619509999999998,-75.577275,Toma 2,03/05/19,03:20,AndLocation
Mesas del Agora ,6.2619579999999999,-75.577271999999994,Toma 3,06/05/19,11:18,AndLocation
Mesas del Agora ,6.261952,-75.577269999999999,Toma 4,06/05/19,02:38,AndLocation
