Lugar,latitud,longitud,tipo,Fecha,Hora,App
Esquina fila del bus M5,6.2753030000000001,-75.591414999999998,Referencia 1,30/04/19,14:15,Google Maps.
Esquina fila del bus M5,6.2753180000000004,-75.591386999999997,Toma 1,30/04/19,14:30,Map Coordinates
Esquina fila del bus M5,6.2753119999999996,-75.591423000000006,Toma 2,30/04/19,16:30,Map Coordinates
Esquina fila del bus M5,6.2753030000000001,-75.591414,Toma 3,02/05/19,08:00,Map Coordinates
Esquina fila del bus M5,6.2753220000000001,-75.591393999999994,Toma 4,02/05/19,10:15,Map Coordinates
,,,,,,
Cajero bancolombia bloque M9,6.274413,-75.592366999999996,Referencia 1 ,30/04/19,14:17,Google Maps.
Cajero bancolombia bloque M9,6.2744390000000001,-75.592386000000005,Toma 1,30/04/19,14:40,Map Coordinates
Cajero bancolombia bloque M9,6.2745170000000003,-75.592406999999994,Toma 2,30/04/19,16:42,Map Coordinates
Cajero bancolombia bloque M9,6.2744390000000001,-75.592359000000002,Toma 3,02/05/19,08:05,Map Coordinates
Cajero bancolombia bloque M9,6.2745139999999999,-75.592298999999997,Toma 4,02/05/19,10:20,Map Coordinates
,,,,,,
Silla M8,6.2750180000000002,-75.592877999999999,Refencia 1,30/04/19,14:18,Google Maps.
Silla M8,6.2750539999999999,-75.592957999999996,Toma 1,30/04/19,14:45,Map Coordinates
Silla M8,6.2751890000000001,-75.592838,Toma 2,30/04/19,16:51,Map Coordinates
Silla M8,6.2751580000000002,-75.592862999999994,Toma 3,02/05/19,08:09,Map Coordinates
Silla M8,6.2752090000000003,-75.592945999999998,Toma 4,02/05/19,10:40,Map Coordinates
,,,,,,
,,,,,,
