Lugar,latitud,longitud,tipo,Fecha,Hora,App,,,
Glorieta sede  volador ,6.2605779999999998,-75.578639999999993,Refernecia ,30/04/19,16:23,Google Maps.,,,
Glorieta sede  volador ,6.2605820000000003,-75.578636000000003,Toma 1,01/05/19,08:42,Mapa Coordenadas,,,
Glorieta sede  volador ,6.2606279999999996,-75.578552999999999,Toma 2,02/05/19,11:05,Mapa Coordenadas,,,
Glorieta sede  volador ,6.260618,-75.578607000000005,Toma 3,02/05/19,13:58,Mapa Coordenadas,,,
Glorieta sede  volador ,6.2606120000000001,-75.578660,Toma 4,03/05/19,13:16,Mapa Coordenadas,,,
Paradero del bus sede volador,6.2601950000000004,-75.576920000000001,Refernecia ,04-30-19,16:31,Google Maps.,,,
Paradero del bus sede volador,6.2601880000000003,-75.576982000000001,Toma 1,05-02-19,11:12,Mapa Coordenadas,,,
Paradero del bus sede volador,6.2602120000000001,-75.576931999999999,Toma 2,05-02-19,13:55,Mapa Coordenadas,,,
Paradero del bus sede volador,6.2601180000000003,-75.576907000000006,Toma 3,05-03-19,07:54,Mapa Coordenadas,,,
Paradero del bus sede volador,6.2602520000000004,-75.577006999999995,Toma 4,05-03-19,13:19,Mapa Coordenadas,,,
Esquina de la cancha de tenis sede volador,6.263204,-75.576507000000007,Refernecia ,04-30-19,16:43,Google Maps.,,,
Esquina de la cancha de tenis sede volador,6.2631449999999997,-75.576426999999995,Toma 1,05-02-19,11:00,Mapa Coordenadas,,,
Esquina de la cancha de tenis sede volador,6.2632130000000004,-75.576517999999993,Toma 2,05-02-19,14:49,Mapa Coordenadas,,,
Esquina de la cancha de tenis sede volador,6.2630970000000001,-75.576457000000005,Toma 3,05-03-19,07:51,Mapa Coordenadas,,,
Esquina de la cancha de tenis sede volador,6.2632370000000002,-75.576460,Toma 4,05-03-19,13:23,Mapa Coordenadas,,,
,,,,,,,,,
,,,,,,,,,
,,,,,,,,,
,,,,,,,,,
,,,,,,,,,
,,,,,,,,,
,,,,,,,,,
