Lugar,Latitud,Longitud,Tipo,Fecha,Hora,App,Esquina Canchas Múltilples,,,Esquina Bloque 44,,,Bancolombia Cajero
Esquina Canchas Múltilples,6.263777,-75.576267,Refencia,02/05/2019,09:00,Google Maps
Esquina Canchas Múltilples,6.263761,-75.576269,Toma 1,02/05/2019,15:50,Coordenadas GPS
Esquina Canchas Múltilples,6.263768,-75.576259,Toma 2,03/05/2019,09:57,Coordenadas GPS
Esquina Canchas Múltilples,6.263771,-75.576261,Toma 3,03/05/2019,13:16,Coordenadas GPS
Esquina Canchas Múltilples,6.263775,-75.576263,Toma 4,06/05/2019,10:12,Coordenadas GPS


Esquina Bloque 44,6.2624445,-75.577379,Referencia,02/05/2019,09:05,Google Maps
Esquina Bloque 44,6.2624207,-75.577376,Toma 1,02/05/2019,15:38,Coordenadas GPS
Esquina Bloque 44,6.2624678,-75.577357,Toma 2,03/05/2019,10:04,Coordenadas GPS
Esquina Bloque 44,6.2624257,-75.577367,Toma 3,03/05/2019,13:10,Coordenadas GPS
Esquina Bloque 44,6.2624251,-75.577354,Toma 4 ,06/05/2019,10:17,Coordenadas GPS

,,,,,,,
Bancolombia Cajero,6.260338,-75.578183,Refencia,02/05/2019,09:07,Google Maps,
Bancolombia Cajero,6.260307,-75.578132,Toma 1 ,02/05/2019,15:30,Coordenadas GPS
Bancolombia Cajero,6.260332,-75.578137,Toma 2,03/05/2019,10:11,Coordenadas GPS
Bancolombia Cajero,6.260315,-75.578157,Toma 3,03/05/2019,13:06,Coordenadas GPS
Bancolombia Cajero,6.260319,-75.578132,Toma 4,06/05/2019,10:22,Coordenadas GPS
