Lugar,latitud,longitud,tipo,Fecha,Hora,App,,,
Entrada facultad de Arquitectura,6.2631779999999999,-75.576425999999998,Referencia 1,05-02-19,11:24,Google Maps.,,,MARIA FERNANDA YEPES PAREJA
,6.2631160000000001,-75.576114000000004,Toma 1,05-02-19,15:02,Mapa Coordenadas,,,
,6.263185,-75.576102000000006,Toma 2,05-03-19,08:15,Mapa Coordenadas,,,
,6.2632979999999998,-75.576441000000003,Toma 3,05-03-19,11:36,Mapa Coordenadas,,,
,6.2633711999999999,-75.576625000000007,Toma 4,05-03-19,16:25,Mapa Coordenadas,,,
Árbol frente a la biblioteca,6.261666,-75.577511999999999,Referencia 2,05-02-19,11:30,Google Maps.,,,
,6.2622790000000004,-75.576295000000002,Toma 1,05-02-19,15:10,Mapa Coordenadas,,,
,6.2616509999999996,-75.577623000000003,Toma 2,05-03-19,08:25,Mapa Coordenadas,,,
,6.261736,-75.577563999999995,Toma 3,05-03-19,11:48,Mapa Coordenadas,,,
,6.2616491999999999,-75.576977999999997,Toma 4,05-03-19,16:00,Mapa Coordenadas,,,
Esquina ágora,6.2622629999999999,-75.576954999999998,Referencia 3,05-02-19,11:27,Google Maps.,,,
,6.2622489999999997,-75.577036000000007,Toma 1,05-02-19,15:06,Mapa Coordenadas,,,
,6.2621479999999998,-75.576942000000003,Toma 2,05-03-19,08:18,Mapa Coordenadas,,,
,6.2621089999999997,-75.576893999999996,Toma 3,05-03-19,11:45,Mapa Coordenadas,,,
,6.2621035999999997,-75.576792999999995,Toma 4,05-03-19,16:17,Mapa Coordenadas,,,


,,,,,REFERENCIA 1,,,,,





















,,,,,REFERENCIA 2,,,,,




















,,,,,,,,,,
,,,,,REFERENCIA 3,,,,,
