Lugar,Latitud,Longitud,Tipo,Fecha,Hora,App,,,,,
Acceso central parqueadero de motos,6.2604030000000002,-75.579016999999993,Referencia 1,05/05/19,11:09,Google Maps,,,,,Acceso central parqueadero de motos
Acceso central parqueadero de motos,6.2604379999999997,-75.578992,Toma 1,05/05/19,12:48,Mapa Coordenadas,,,,,
Acceso central parqueadero de motos,6.2604309999999996,-75.578963999999999,Toma 2,06/05/19,13:50,Mapa Coordenadas,,,,,
Acceso central parqueadero de motos,6.2604879999999996,-75.578970999999996,Toma 3,06/05/19,17:25,Mapa Coordenadas,,,,,
Acceso central parqueadero de motos,6.2604259999999998,-75.578942999999995,Toma 4,06/05/19,20:00,Mapa Coordenadas,,,,,
Celda de parqueo discapacitados al frende del 50,6.261628,-75.579164000000006,Referencia 2,05/05/19,11:11,Google Maps,,,,,Celda de parqueo discapacitados al frende del 50
Celda de parqueo discapacitados al frende del 50,6.261476,-75.579198000000005,Toma 1,05/05/19,12:45,Mapa Coordenadas,,,,,
Celda de parqueo discapacitados al frende del 50,6.2615670000000003,-75.579132000000001,Toma 2,06/05/19,13:52,Mapa Coordenadas,,,,,
Celda de parqueo discapacitados al frende del 50,6.2615100000000004,-75.579254000000006,Toma 3,06/05/19,17:22,Mapa Coordenadas,,,,,
Celda de parqueo discapacitados al frende del 50,6.2616509999999996,-75.578289999999996,Toma 4,06/05/19,19:58,Mapa Coordenadas,,,,,
Cajero Bancolombia,6.2603179999999998,-75.578134000000006,Referencia 3,05/05/19,11:14,Google Maps,,,,,Cajero Bancolombia
Cajero Bancolombia,6.2605149999999998,-75.578328999999997,Toma 1,05/05/19,12:40,Mapa Coordenadas,,,,,
Cajero Bancolombia,6.2603739999999997,-75.578209999999999,Toma 2,06/05/19,13:49,Mapa Coordenadas,,,,,
Cajero Bancolombia,6.2603679999999997,-75.57835,Toma 3,06/05/19,17:27,Mapa Coordenadas,,,,,
Cajero Bancolombia,6.2604800000000003,-75.578289999999996,Toma 4,06/05/19,19:56,Mapa Coordenadas,,,,,
