Lugar,Latitud,Longitud,Tipo,Fecha,Hora,App
Patio del bloque 46,6.2626030000000004,-75.577518999999995,Referencia 1,05-02-19,08:01,Google Maps
Patio del bloque 46,6.2626229999999996,-75.577573999999998,Toma 1,05-02-19,08:05,Mis coordenadas GPS
Patio del bloque 46,6.2626210000000002,-75.577562,Toma 2,05-02-19,10:30,Mis coordenadas GPS
Patio del bloque 46,6.2626239999999997,-75.577573000000001,Toma 3,05-02-19,12:40,Mis coordenadas GPS
Patio del bloque 46,6.2626220000000004,-75.577563999999995,Toma 4,05-02-19,02:55,Mis coordenadas GPS


Lugar,Latitud,Longitud,Tipo,Fecha,Hora,App
Escaleras del bloque 24,6.2624719999999998,-75.576775999999995,Referencia 1,05-02-19,08:02,Google Maps
Escaleras del bloque 24,6.2625960000000003,-75.576965999999999,Toma 1,05-02-19,08:10,Mis coordenadas GPS
Escaleras del bloque 24,6.2625979999999997,-75.577027000000001,Toma 2,05-02-19,10:35,Mis coordenadas GPS
Escaleras del bloque 24,6.2625999999999999,-75.577055000000001,Toma 3,05-02-19,12:45,Mis coordenadas GPS
Escaleras del bloque 24,6.2625989999999998,-75.577074999999994,Toma 4,05-02-19,03:00,Mis coordenadas GPS


Lugar,Latitud,Longitud,Tipo,Fecha,Hora,App
Patio del bloque 21,6.2618900000000002,-75.576043999999996,Referencia 1,05-02-19,08:03,Google Maps
Patio del bloque 21,6.2619239999999996,-75.576147000000006,Toma 1,05-02-19,08:15,Mis coordenadas GPS
Patio del bloque 21,6.2619230000000003,-75.576142000000004,Toma 2,05-02-19,10:40,Mis coordenadas GPS
Patio del bloque 21,6.2619210000000001,-75.576145999999994,Toma 3,05-02-19,12:50,Mis coordenadas GPS
Patio del bloque 21,6.2619189999999998,-75.576150999999996,Toma 4,05-02-19,03:05,Mis coordenadas GPS
