Lugar,Latitud,Longitud,Tipo,Fecha,Hora,App
Silla cancha de futbol potería de la 65,6.2618999999999998,-75.578807999999995,Referencia 1,05-05-19,20:46,Google maps
Silla cancha de futbol potería de la 65,6.2617919999999998,-75.578818999999996,Toma 1,05-02-19,13:44,Mis coordenadas GPS
Silla cancha de futbol potería de la 65,6.2617880000000001,-75.578728999999996,Toma 2,05-02-19,16:26,Mis coordenadas GPS
Silla cancha de futbol potería de la 65,6.2618229999999997,-75.578802999999994,Toma 3,05-03-19,14:23,Mis coordenadas GPS
Silla cancha de futbol potería de la 65,6.2618280000000004,-75.578809000000007,Toma 4,05-03-19,17:03,Mis coordenadas GPS
Estructura de cemento cancha voleibol,6.2631079999999999,-75.576893999999996,Referencia 2,05-05-19,20:52,Google maps
Estructura de cemento cancha voleibol,6.2629760000000001,-75.576885000000004,Toma 1,05-02-19,14:41,Mis coordenadas GPS
Estructura de cemento cancha voleibol,6.262994,-75.576843999999994,Toma 2,02-02-19,16:47,Mis coordenadas GPS
Estructura de cemento cancha voleibol,6.2628969999999997,-75.576707999999996,Toma 3,05-03-19,15:37,Mis coordenadas GPS
Estructura de cemento cancha voleibol,6.2628259999999996,-75.576785000000001,Toma 4,05-03-19,17:41,Mis coordenadas GPS
Borde cancha de micro,6.2637910000000003,-75.576662999999996,Referencia 3,05-05-19,20:56,Google Maps
Borde cancha de micro,6.2632219999999998,-75.576193000000004,Toma 1,05-02-19,14:43,Mis coordenadas GPS
Borde cancha de micro,6.2633179999999999,-75.576002000000003,Toma 2,05-02-19,16:44,Mis coordenadas GPS
Borde cancha de micro,6.2339039999999999,-75.567553000000004,Toma 3,05-03-19,14:04,Mis coordenadas GPS
Borde cancha de micro,6.2634550000000004,-75.576679999999996,Toma 4,05-03-19,17:50,Mis coordenadas GPS
