Lugar,latitud,longitud,tipo,Fecha,Hora,App,,,
Corredor Biblioteca Efe Gómez,6.2616569999999996,-75.578029000000001,Referencia 1,30/04/19,20:24,Google Maps.,,,
Corredor Biblioteca Efe Gómez,6.2614200000000002,-75.577560000000005,Toma 1,30/04/19,12:03,Mapa Coordenadas,,,
Corredor Biblioteca Efe Gómez,6.2613899999999996,-75.577610000000007,Toma 2,30/04/19,15:56,Mapa Coordenadas,,,
Corredor Biblioteca Efe Gómez,6.2613899999999996,-75.577619999999996,Toma 3,02/04/19,09:52,Mapa Coordenadas,,,
Corredor Biblioteca Efe Gómez,6.2616500000000004,-75.577709999999996,Toma 4,02/04/19,14:42,Mapa Coordenadas,,,
,,,,,,,,,
Lugar,latitud,longitud,tipo,Fecha,Hora,App,,,
Entrada bloque 11,6.2605219999999999,-75.575937999999994,Referencia 1,30/04/19,20:38,Google Maps.,,,
Entrada bloque 11,6.2608300000000003,-75.576120000000003,Toma 1,30/04/19,13:07,Mapa Coordenadas,,,
Entrada bloque 11,6.2608899999999998,-75.57611,Toma 2,30/04/19,15:49,Mapa Coordenadas,,,
Entrada bloque 11,6.2609399999999997,-75.576250000000002,Toma 3,02/04/19,09:49,Mapa Coordenadas,,,
Entrada bloque 11,6.26084,-75.576170000000005,Toma 4,02/04/19,13:50,Mapa Coordenadas,,,
,,,,,,,,,
Lugar,latitud,longitud,tipo,Fecha,Hora,App,,,
Entrada polideportivo ,6.2651469999999998,-75.576741999999996,Referencia 1,30/04/19,20:45,Google Maps.,,,
Entrada polideportivo ,6.2650699999999997,-75.57687,Toma 1,30/04/19,11:53,Mapa Coordenadas,,,
Entrada polideportivo ,6.2650499999999996,-75.576830000000001,Toma 2,02/04/19,10:48,Mapa Coordenadas,,,
Entrada polideportivo ,6.2650600000000001,-75.576849999999993,Toma 3,02/04/19,12:58,Mapa Coordenadas,,,
Entrada polideportivo ,6.2651300000000001,-75.576819999999998,Toma 4,02/04/19,17:38,Mapa Coordenadas,,,
