Lugar,latitud,longitud,tipo,Fecha,Hora,App
Entrada bloque 14,6.2612490000000003,-75.576408999999998,Referencia 1,04-30-19,0.76041666666666663,Mapa Coordenadas
Entrada bloque 14,6.2612420000000002,-75.576403999999997,Toma 1,05-02-19,       7:31 a. m.,Mapa Coordenadas
Entrada bloque 14,6.2612189999999996,-75.576352999999997,Toma 2,05-02-19,     10:09 a. m.,Mapa Coordenadas
Entrada bloque 14,6.2612180000000004,-75.576357000000002,Toma 3,05-03-19,       9:39 a. m.,Mapa Coordenadas
Entrada bloque 14,6.2612649999999999,-75.576385999999999,Toma 4,05-03-19,     11:52 a. m.,Mapa Coordenadas
Entrada bloque 21,6.2619049999999996,-75.576196999999993,Referencia 2,04-30-19,0.76250000000000007,Mapa Coordenadas
Entrada bloque 21,6.2619210000000001,-75.576181000000005,Toma 1,05-02-19,0.31458333333333333,Mapa Coordenadas
Entrada bloque 21,6.2617690000000001,-75.576328000000004,Toma 2,05-02-19,0.42083333333333334,Mapa Coordenadas
Entrada bloque 21,6.2617820000000002,-75.576255000000003,Toma 3,05-03-19,       9:40 a. m.,Mapa Coordenadas
Entrada bloque 21,6.2617729999999998,-75.576211000000001,Toma 4,05-03-19,     11:54 a. m.,Mapa Coordenadas
Esquina al frente de escaleras bloque 24,6.2625869999999999,-75.576773000000003,Referencia 3,04-30-19,0.76527777777777783,Mapa Coordenadas
Esquina al frente de escaleras bloque 24,6.262588,-75.576773000000003,Toma 1,05-02-19,0.31597222222222221,Mapa Coordenadas
Esquina al frente de escaleras bloque 24,6.262588,-75.576639,Toma 2,05-02-19,0.41250000000000003,Mapa Coordenadas
Esquina al frente de escaleras bloque 24,6.262588,-75.576773000000003,Toma 3,05-03-19,       9:42 a. m.,Mapa Coordenadas
Esquina al frente de escaleras bloque 24,6.262588,-75.576673,Toma 4,05-03-19,     12:02 p. m.,Mapa Coordenadas
