Lugar,latitud,longitud,tipo,Fecha,Hora,App
Esquina al frente de juguitos,6.2622260000000001,-75.577965000000006,Referencia 1,30/04/19,16:46,Google Maps.
Esquina al frente de juguitos,6.2621989999999998,-75.577896999999993,Toma 1,02/05/19,07:38,Coordenadas de mi GPS
Esquina al frente de juguitos,6.2622059999999999,-75.577921000000003,Toma 2,02/05/19,17:12,Coordenadas de mi GPS
Esquina al frente de juguitos,6.262283,-75.577911999999998,Toma 3,03/05/19,13:16,Coordenadas de mi GPS
Esquina al frente de juguitos,6.2621929999999999,-75.577990999999997,Toma 4,06/04/19,08:32,Coordenadas de mi GPS
,,,,,,
Separacion de calles al lado del 41,6.2615179999999997,-75.578297000000006,Referencia 1,30/04/19,16:46,Google Maps.
Separacion de calles al lado del 41,6.2614929999999998,-75.578322999999997,Toma 1,02/05/19,07:43,Coordenadas de mi GPS
Separacion de calles al lado del 41,6.261501,-75.578286000000006,Toma 2,02/05/19,17:16,Coordenadas de mi GPS
Separacion de calles al lado del 41,6.2615379999999998,-75.578221999999997,Toma 3,03/05/19,13:20,Coordenadas de mi GPS
Separacion de calles al lado del 41,6.261495,-75.578315000000003,Toma 4,06/04/19,08:35,Coordenadas de mi GPS
,,,,,,
Esquina del 42,6.2618419999999997,-75.578490000000002,Referencia 1,30/04/19,16:46,Google Maps.
Esquina del 42,6.2618179999999999,-75.578480999999996,Toma 1,02/05/19,07:47,Coordenadas de mi GPS
Esquina del 42,6.2618260000000001,-75.578511000000006,Toma 2,02/05/19,17:19,Coordenadas de mi GPS
Esquina del 42,6.2618590000000003,-75.578475999999995,Toma 3,03/05/19,13:22,Coordenadas de mi GPS
Esquina del 42,6.2618720000000003,-75.578484000000003,Toma 4,06/04/19,08:38,Coordenadas de mi GPS
