Lugar,latitud,longitud,tipo,Fecha,Hora,App

Entrada cocacola,6.264081,-75.575265999999999,Referencia 1,01/05/19,18:50,Google Maps.
Entrada cocacola,6.2639300000000002,-75.575410000000005,Toma 1,30/04/19,12:34,Mi ubicación GPS
Entrada cocacola,6.2639399999999998,-75.574538000000004,Toma 2,30/04/19,15:09,Mi ubicación GPS
Entrada cocacola,6.2613599999999998,-75.574430000000007,Toma 3,02/05/19,11:00,Mi ubicación GPS
Entrada cocacola,6.2610400000000004,-75.574430000000007,Toma 4,02/05/19,14:15,Mi ubicación GPS
,,,,,,
Maquinas dispensadoras biblioteca,6.2615930000000004,-75.577907999999994,Referencia 2,01/05/19,18:59,Google Maps.
Maquinas dispensadoras biblioteca,6.2615299999999996,-75.577659999999995,Toma 1,30/04/19,13:00,Mi ubicación GPS
Maquinas dispensadoras biblioteca,6.26159,-75.577730000000003,Toma 2,30/04/19,15:26,Mi ubicación GPS
Maquinas dispensadoras biblioteca,6.2515900000000002,-75.577619999999996,Toma 3,02/05/19,10:24,Mi ubicación GPS
Maquinas dispensadoras biblioteca,6.2616500000000004,-75.577709999999996,Toma 4,02/05/19,14:42,Mi ubicación GPS

Telefono une coliseo,6.2648330000000003,-75.576864999999998,Referencia 3,01/05/19,18:55,Google Maps.
Telefono une coliseo,6.2648200000000003,-75.576819999999998,Toma 1,30/04/19,13:08,Mi ubicación GPS
Telefono une coliseo,6.2647599999999999,-75.576859999999996,Toma 2,30/04/19,15:13,Mi ubicación GPS
Telefono une coliseo,6.2650300000000003,-75.576970000000003,Toma 3,02/05/19,10:49,Mi ubicación GPS
Telefono une coliseo,6.2650499999999996,-75.57696,Toma 4,02/05/19,12:59,Mi ubicación GPS
