Lugar,Latitud,Longitud,Tipo,Fecha,Hora,App
Bloque 21 frente a Registro y Matricula,6.2617289999999999,-75.576123999999993,Referencia 1,05-02-19,09:50,Google Maps
Bloque 21 frente a Registro y Matricula,6.2616589999999999,-75.576132000000001,Toma 1,02-May,11:07,Mapa Coordenadas
Bloque 21 frente a Registro y Matricula,6.2616860000000001,-75.576244000000003,Toma 2,05-02-19,13:15,Mapa Coordenadas
Bloque 21 frente a Registro y Matricula,6.2616079999999998,-75.576201999999995,Toma 3,05-03-19,05:43,Mapa Coordenadas
Bloque 21 frente a Registro y Matricula,6.2617229999999999,-75.576229999999995,Toma 4,05-03-19,07:57,Mapa Coordenadas
Esquina bloque 21 diaginal a la caseta,6.2617339999999997,-75.575828999999999,Referencia 2,05-02-19,09:51,Google Maps
Esquina bloque 21 diaginal a la caseta,6.2615910000000001,-75.576685999999995,Toma 1,05-02-19,11:08,Mapa Coordenadas
Esquina bloque 21 diaginal a la caseta,6.2618549999999997,-75.57593,Toma 2,05-02-19,13:14,Mapa Coordenadas
Esquina bloque 21 diaginal a la caseta,6.2617630000000002,-75.576021999999995,Toma 3,05-03-19,05:44,Mapa Coordenadas
Esquina bloque 21 diaginal a la caseta,6.2618179999999999,-75.575905999999904,Toma 4,05-03-19,07:58,Mapa Coordenadas
Esquina bloque 20 diagonal al baño,6.2620630000000004,-75.575826000000006,Referencia 3,05-02-19,09:52,Google Maps
Esquina bloque 20 diagonal al baño,6.2620139999999997,-75.576049999999995,Toma 1,05-02-19,11:09,Mapa Coordenadas
Esquina bloque 20 diagonal al baño,6.2621419999999999,-75.575867000000002,Toma 2,05-02-19,13:14,Mapa Coordenadas
Esquina bloque 20 diagonal al baño,6.2620550000000001,-75.575941999999998,Toma 3,05-03-19,05:45,Mapa Coordenadas
Esquina bloque 20 diagonal al baño,6.2620690000000003,-75.575896,Toma 4,05-03-19,07:58,Mapa Coordenadas
