Lugar,Latitud,Longitud,Tipo,Fecha,Hora,App
Primera curva entrada por la crra 65 volador,6.2608870000000003,-75.579424000000003,Referencia 1,05-02-19,07:25,Google maps
Primera curva entrada por la crra 65 volador,6.2609380000000003,-75.579441000000003,Toma 1,05-02-19,09:35,Latitud Longitud ubicación
Primera curva entrada por la crra 65 volador,6.2609159999999999,-75.579402000000002,Toma2,05-02-19,11:55,Latitud Longitud ubicación
Primera curva entrada por la crra 65 volador,6.2608750000000004,-75.579294000000004,Toma 3,05-03-19,11:13,Latitud Longitud ubicación
Primera curva entrada por la crra 65 volador,6.2609380000000003,-75.579364999999996,Toma 4,05-03-19,14:00,Latitud Longitud ubicación

Equina al frente del bloque 50 volador,6.2619790000000002,-75.579047000000003,Referencia 2,05-02-19,07:27,Google maps
Esquina al frente del bloque 50 volador,6.2619389999999999,-75.579120000000003,Toma 1,05-02-19,09:38,Latitud Longitud ubicación
Esquina al frente del bloque 50 volador,6.261965,-75.579029000000006,Toma 2,05-02-19,11:50,Latitud Longitud ubicación
Esquina al frente del bloque 50 volador,6.2619069999999999,-75.578913,Toma 3,05-03-19,11:17,Latitud Longitud ubicación
Esquina al frente del bloque 50 volador,6.2620149999999999,-75.578965999999994,Toma 4,05-03-19,13:58,Latitud Longitud ubicación

Cruce peatonal frente al bloque 25,6.2631810000000003,-75.576430999999999,Referencia 3,05-02-19,07:28,Google maps
Cruce peatonal frente al bloque 25,6.263198,-75.576429000000005,Toma 1,05-02-19,0.4152777777777778,Latitud Longitud ubicación
Cruce peatonal frente al bloque 25,6.2631779999999999,-75.576398999999995,Toma 2,05-02-19,12:15,Latitud Longitud ubicación
Cruce peatonal frente al bloque 25,6.2631759999999996,-75.576407000000003,Toma 3,05-03-19,11:30,Latitud Longitud ubicación
Cruce peatonal frente al bloque 25,6.2632180000000002,-75.576451000000006,Toma 4,05-03-19,13:45,Latitud Longitud ubicación
