Lugar,latitud,longitud,tipo,Fecha,Hora,App,,
Banderas glorieta,6.260714,-75.578475,Referencia 1,03/05/19,06:15,Google Maps.,,
Banderas glorieta,6.260767,-75.578464,Toma 1,03/05/19,09:02,Mis Coordenadas,,
Banderas glorieta,6.26046,-75.578553,Toma 2,03/05/19,11:46,Mis Coordenadas,,
Banderas glorieta,6.260419,-75.578624,Toma 3,03/05/19,13:38,Mis Coordenadas,,
Banderas glorieta,6.260371,-75.579087,Toma 4,03/05/19,16:02,Mis Coordenadas,,
Plazoleta bloque 24,6.262583,-75.576732,Referencia 1,03/05/19,06:16,Google Maps.,,
Plazoleta bloque 24,6.262583,-75.576730,Toma 1,03/05/19,09:27,Mis Coordenadas,,
Plazoleta bloque 24,6.262588,-75.576773,Toma 2,03/05/19,11:41,Mis Coordenadas,,
Plazoleta bloque 24,6.262572,-75.576737,Toma 3,03/05/19,13:46,Mis Coordenadas,,
Plazoleta bloque 24,6.262586,-75.576775,Toma 4,03/05/19,15:50,Mis Coordenadas,,
 Intersec bloque 12,6.260011,-75.576624,Referencia 1,03/05/19,06:16,Google Maps.,,
 Intersec bloque 12,6.260091,-75.576581,Toma 1,03/05/19,09:35,Mis Coordenadas,,
 Intersec bloque 12,6.259803,-75.576859,Toma 2,03/05/19,11:37,Mis Coordenadas,,
 Intersec bloque 12,6.260373,-75.573701,Toma 3,03/05/19,13:41,Mis Coordenadas,,
 Intersec bloque 12,6.259791,-75.576726,Toma 4,03/05/19,15:55,Mis Coordenadas,,
,,,,,,,,
,,,,,,,,
,,,,,,,,
,,,,,,,,
,,,,,,,,
