Lugar,Latitud,Longitud,Tipo,Fecha,Hora,App
Esquina calle entre facultad de artes y arquitectura,6.2629409999999996,-75.576121000000001,Referencia 1,Mayo 2 de 2019,0.31527777777777777,Google Maps
Esquina calle entre facultad de artes y arquitectura,6.2629000000000001,-75.576040000000006,Toma 1,Mayo 2 de 2019,0.31597222222222221,Mi ubicación GPS
Esquina calle entre facultad de artes y arquitectura,6.2628000000000004,-75.575869999999995,Toma 2,Mayo 2 de 2019,0.4152777777777778,Mi ubicación GPS
Esquina calle entre facultad de artes y arquitectura,6.2628700000000004,-75.576059999999998,Toma 3,Mayo 3 de 2019,0.32708333333333334,Mi ubicación GPS
Esquina calle entre facultad de artes y arquitectura,6.26288,-75.57602,Toma 4,Mayo 3 de 2019,0.70624999999999993,Mi ubicación GPS
,,,,,,
Entrada a Facultad de Humanas por el ágora,6.2626039999999996,-75.577305999999993,Referencia 1,Mayo 2 de 2019,0.31875000000000003,Google Maps
Entrada a Facultad de Humanas por el ágora,6.2625799999999998,-75.577340000000007,Toma 1,Mayo 2 de 2019,0.32013888888888892,Mi ubicación GPS
Entrada a Facultad de Humanas por el ágora,6.2625400000000004,-75.576620000000005,Toma 2,Mayo 2 de 2019,0.41319444444444442,Mi ubicación GPS
Entrada a Facultad de Humanas por el ágora,6.2625799999999998,-75.57723,Toma 3,Mayo 3 de 2019,0.32847222222222222,Mi ubicación GPS
Entrada a Facultad de Humanas por el ágora,6.2625700000000002,-75.577150000000003,Toma 4,Mayo 3 de 2019,0.70763888888888893,Mi ubicación GPS
,,,,,,
Entrada a Facultad de Arquitectura por el ágora (Escaleras),6.2626350000000004,-75.576728000000003,Referencia 1,Mayo 2 de 2019,0.3215277777777778,Google Maps
Entrada a Facultad de Arquitectura por el ágora (Escaleras),6.2626299999999997,-75.576719999999995,Toma 1,Mayo 2 de 2019,0.32222222222222224,Mi ubicación GPS
Entrada a Facultad de Arquitectura por el ágora (Escaleras),6.2626200000000001,-75.577250000000006,Toma 2,Mayo 2 de 2019,0.41250000000000003,Mi ubicación GPS
Entrada a Facultad de Arquitectura por el ágora (Escaleras),6.2625599999999997,-75.576700000000002,Toma 3,Mayo 3 de 2019,0.32916666666666666,Mi ubicación GPS
Entrada a Facultad de Arquitectura por el ágora (Escaleras),6.2626299999999997,-75.576800000000006,Toma 4,Mayo 3 de 2019,0.70972222222222225,Mi ubicación GPS
