Lugar,latitud,Longitud,Tipo,Fecha,Hora,App
Entrada biblioteca,6.2619590000000001,-75577511,Referencia 1,05-02-19,13:40,Google Maps
Entrada biblioteca,6.1541558399999996,-75.344005839999994,Toma 1,05-02-19,15:42,Mapa Coordenadas
Entrada biblioteca,6.15416016,-75.343946079999995,Toma 2,05-02-19,17:43,Mapa Coordenadas
Entrada biblioteca,6.1541700800000001,-75.344006879999995,Toma 3,05-02-19,19:46,Mapa Coordenadas

Lugar,Latitud,Longitud ,Tipo,Fecha,Hora,App
Esquina del bloque 24,6.2622590000000002,-75.576141000000007,Referencia 1 ,05-02-19,13:49,Google Maps
Esquina del bloque 24,6.1545097200000001,-75.343589320000007,Toma 1,05-02-19,15:51,Mapa Coordenadas
Esquina del bloque 24,6.1545266400000003,-75.343599339999997,Toma 2,05-02-19,17:53,Mapa Coordenadas
Esquina del bloque 24,6.1546087399999996,-75.343587360000001,Toma 3,05-02-19,19:53,Mapa Coordenadas

Lugar,Latitud,Longitud,Tipo,Fecha,Hora,App
"Al frente de Rapicopias,bloque 44",6.2621739999999999,-75.577422999999996,Referencia 1,05-02-19,13:56,Google Maps
"Al frente de Rapicopias,bloque 44",6.1543153200000003,-75.343803015999995,Toma 1,05-02-19,15:57,Mapa Coordenadas
"Al frente de Rapicopias,bloque 44",6.15434736,-75.34388002,Toma 2,05-02-19,17:58,Mapa Coordenadas
"Al frente de Rapicopias,bloque 44",6.1543213799999998,-75.34383004,Toma 3,05-02-19,08:00,Mapa Coordenadas
