Lugar,latitud,longitud,tipo,Fecha,Hora,App,,
Frente bloque 19,6.2609440000000003,-75.578056,Referencia 1,05/05/19,23:23,Google Maps.,,
Frente bloque 19,6.260947,-75.577956,Toma 1,02/05/19,16:01,Coordenadas GPS,,
Frente bloque 19,6.2608233689999997,-75.577899,Toma 2,03/05/19,15:40,Coordenadas GPS,,
Frente bloque 19,6.260839,-75.577902,Toma 3,04/05/19,14:07,Coordenadas GPS,,
Frente bloque 19,6.260898,-75.577998,Toma 4,06/05/19,12:39,Coordenadas GPS,,
,,,,,,,,

Escultura Camilo Torres,6.2616440000000004,-75.576965999999999,Referencia 2,05/05/19,23:27,Google Maps.,,
Escultura Camilo Torres,6.261681,-75.576957,Toma 1,02/05/19,16:10,Coordenadas GPS,,
Escultura Camilo Torres,6.261727,-75.576914,Toma 2,03/05/19,15:44,Coordenadas GPS,,
Escultura Camilo Torres,6.261477,-75.577140,Toma 3,04/05/19,14:12,Coordenadas GPS,,
Escultura Camilo Torres,6.261735,-75.576941,Toma 4,06/05/19,12:43,Coordenadas GPS,,


Entrada coliseo,6.264812,-75.576846000000003,Referencia 3,05/05/19,23:33,Google Maps.,,
Entrada coliseo,6.264841,-75.576818,Toma 1,02/05/19,16:18,Coordenadas GPS,,
Entrada coliseo,6.264798,-75.576877,Toma 2,03/05/19,15:50,Coordenadas GPS,,
Entrada coliseo,6.264841,-75.576807,Toma 3,04/05/19,14:19,Coordenadas GPS,,
Entrada coliseo,6.264846,-75.576850,Toma 4,06/05/19,12:50,Coordenadas GPS,,
