Lugar,Latitud,Longitud,Tipo,Fecha,Hora,App
Partición para ir a la Facultad de Arquitectura,6.2631779999999999,-75.576430999999999,Referencia 1,05-01-19,13:00,Google Maps
Partición para ir a la Facultad de Arquitectura,6.2629330000000003,-75.576262999999997,Toma 1,05-02-19,0.91388888888888886,Mapa Coordenadas
Partición para ir a la Facultad de Arquitectura,6.2632180000000002,-75.576436999999999,Toma 2,05-02-19,0.5229166666666667,Mapa Coordenadas
Partición para ir a la Facultad de Arquitectura,6.2632250000000003,-75.576430,Toma 3,05-02-19,0.6645833333333333,Mapa Coordenadas
Partición para ir a la Facultad de Arquitectura,6.2632789999999998,-75.576434000000006,Toma 4,05-03-19,0.60416666666666663,Mapa Coordenadas
Partición para ir a la piscina olímpica desde las canchas,6.2639500000000004,-75.576814999999996,Referencia 2,05-01-19,0.54583333333333328,Google Maps
Partición para ir a la piscina olímpica desde las canchas,6.2639620000000003,-75.576817000000005,Toma 1,05-02-19,0.9159722222222223,Mapa Coordenadas
Partición para ir a la piscina olímpica desde las canchas,6.2638870000000004,-75.576815999999994,Toma 2,05-02-19,0.52569444444444446,Mapa Coordenadas
Partición para ir a la piscina olímpica desde las canchas,6.2639379999999996,-75.576882999999995,Toma 3,05-02-19,0.66666666666666663,Mapa Coordenadas
Partición para ir a la piscina olímpica desde las canchas,6.2640539999999998,-75.576823000000005,Toma 4,05-03-19,0.60625000000000007,Mapa Coordenadas
Partición para ir al bloque 16 desde la biblioteca,6.2612110000000003,-75.577437000000003,Referencia 3,05-01-19,0.55277777777777781,Google Maps
Partición para ir al bloque 16 desde la biblioteca,6.2611749999999997,-75.577547999999993,Toma 1,05-02-19,0.39999999999999997,Mapa Coordenadas
Partición para ir al bloque 16 desde la biblioteca,6.2613830000000004,-75.576834000000005,Toma 2,05-02-19,0.51944444444444449,Mapa Coordenadas
Partición para ir al bloque 16 desde la biblioteca,6.2612629999999996,-75.577654999999993,Toma 3,05-02-19,0.65972222222222221,Mapa Coordenadas
Partición para ir al bloque 16 desde la biblioteca,6.2607549999999996,-75.577400,Toma 4,05-03-19,0.61458333333333337,Mapa Coordenadas
,, ,,,,
