Lugar,latitud,longitud,tipo,Fecha,Hora,App
Telefono UNE polideportivo,6264866,-75576872,Referencia 1,30/04/19,01:34,Google Maps.
Telefono UNE polideportivo,6.2650699999999997,-75.57687,Toma 1,30/04/19,11:51,Mi ubicación  GPS
Telefono UNE polideportivo,6.2647899999999996,-75.576740000000001,Toma 2,30/04/19,03:04,Mi ubicación  GPS
Telefono UNE polideportivo,6.2646300000000004,-75.576769999999996,Toma 3,02/04/19,01:12,Mi ubicación  GPS
Telefono UNE polideportivo,6.2648099999999998,-75.576790000000003,Toma 4,02/04/19,03:29,Mi ubicación  GPS
,,,,,,

Lugar,latitud,longitud,tipo,fecha,hora,App
Biblioteca Efe Gomez,6.2618390000000002,-75.577941999999993,Referencia 1,04-30-19,01:45,Google Maps.
Biblioteca Efe Gomez,6.2616500000000004,-75.577640000000002,Toma 1,04-30-19,12:02,Mi ubicación GPS
Biblioteca Efe Gomez,6.2616500000000004,-75.577680000000001,Toma 2,04-30-19,02:52,Mi ubicación GPS
Biblioteca Efe Gomez,6.2615100000000004,-75.577820000000003,Toma 3,04-02-19,01:05,Mi ubicación GPS
Biblioteca Efe Gomez,6.2618,-75.577709999999996,Toma 4,04-02-19,04:34,Mi ubicación GPS

Lugar,latitud,longitud,tipo,fecha,hora,App
Autoservicios Bancolombia,6.2603619999999998,-75.578108,Referencia 1,04-30-19,01:52,Google Maps
Autoservicios Bancolombia,6.26037,-75.578289999999996,Toma 1,04-30-19,12:54,Mi ubicación GPS
Autoservicios Bancolombia,6.2608199999999998,-75.578280000000007,Toma 2,04-30-19,03:48,Mi ubicación GPS
Autoservicios Bancolombia,6.2618600000000004,-75.578230000000005,Toma 3,04-02-19,01:07,Mi ubicación GPS
Autoservicios Bancolombia,6.2608300000000003,-75.577600000000004,Toma 4,04-02-19,04:36,Mi ubicación GPS
