FECHA,HORA,PUNTO DE REFERENCIA,LATITUD,LONGITUD,TOMADA DE,,,
,,,,,,,,
02-May-19,11:50am,DETRÁS DE LA BIBLIOTECA,6.261495,-75.578160,GOOGLE MAPS,,,
02-May-19,12:46pm,DETRÁS DE LA BIBLIOTECA,6.261456, -75.578096,MI UBICACIÓN GPS,,,
02-May-19,3:30pm,DETRÁS DE LA BIBLIOTECA,6.261435,-75.578058,MI UBICACIÓN GPS,,,
02-May-19,6:15pm,DETRÁS DE LA BIBLIOTECA,6.261448,-75.578093,MI UBICACIÓN GPS,,,
03-May-19,12:50pm ,DETRÁS DE LA BIBLIOTECA,6.261464,-75.578069,MI UBICACIÓN GPS,,,
,,,,,,,,
02-may.19,11:55am,CAFETERIA LENTEJAS,6.261383,-75.576523,GOOGLE MAPS,,,
02-may.19,12:49pm,CAFETERIA LENTEJAS,6.261036,-75.576822,MI UBICACIÓN GPS,,,
02-may.19,3:37pm,CAFETERIA LENTEJAS,6.261031,-75.576819,MI UBICACIÓN GPS,,,
02-may.19,6:18pm,CAFETERIA LENTEJAS,6.261039,-75.576816,MI UBICACIÓN GPS,,,
03-May-19,12:56pm ,CAFETERIA LENTEJAS,6.261050,-75.576846,MI UBICACIÓN GPS,,,", -"
,,,,,,,,
02-May-19,11:58am,ESCALERAS ARQUITECTURA,6.262477,-75.576631,GOOGLE MAPS,,,
02-May-19,12:52pm,ESCALERAS ARQUITECTURA,6.262630,-75.576598,MI UBICACIÓN GPS,,,
02-May-19,3:40pm,ESCALERAS ARQUITECTURA,6.262633,-75.576601,MI UBICACIÓN GPS,,,
02-May-19,6:23pm,ESCALERAS ARQUITECTURA,6.262638, -75.576609,MI UBICACIÓN GPS,,,
03-May-19,01:04pm ,ESCALERAS ARQUITECTURA,6.262641,-75.576601,MI UBICACIÓN GPS,,,
