Lugar,Latitud,Longitud,Tipo,Fecha,Hora,App
Hall Bloque 21,6.261889,-75.576375999999996,Referencia 1,05-02-19,15:00,Google Maps
Hall Bloque 21,6.2619090000000002,-75.576346000000001,Toma 1,05-02-19,15:13,AndLocation
Hall Bloque 21,6.2618320000000001,-75.576106999999993,Toma 2,05-03-19,05:46,AndLocation
Hall Bloque 21,6.2619210000000001,-75.576429000000005,Toma 3,05-03-19,09:55,AndLocation
Hall Bloque 21,6.2618859999999996,-75.576340999999999,Toma 4,05-03-19,15:52,AndLocation
Patio Jardín Bbteca Efe Gómez,6.2615290000000003,-75.577534,Referencia 1,05-02-19,15:00,Google Maps
Patio Jardín Bbteca Efe Gómez,6.2615439999999998,-75.577535999999995,Toma 1,05-02-19,16:04,AndLocation
Patio Jardín Bbteca Efe Gómez,6.2615629999999998,-75.576921999999996,Toma 2,05-03-19,05:47,AndLocation
Patio Jardín Bbteca Efe Gómez,6.2622249999999999,-75.577099000000004,Toma 3,05-03-19,09:55,AndLocation
Patio Jardín Bbteca Efe Gómez,6.2621469999999997,-75.577099000000004,Toma 4,05-03-19,15:33,AndLocation
Parte Superior Edificio Ágora,6.2621469999999997,-75.577149000000006,Referencia 1,05-02-19,15:01,Google Maps
Parte Superior Edificio Ágora,6.2622059999999999,-75.577089000000001,Toma 1,05-02-19,15:57,AndLocation
Parte Superior Edificio Ágora,6.2613989999999999,-75.577394999999996,Toma 2,05-03-19,05:48,AndLocation
Parte Superior Edificio Ágora,6.2614700000000001,-75.577732900000001,Toma 3,05-03-19,09:55,AndLocation
Parte Superior Edificio Ágora,6.2615100000000004,-75.577545999999998,Toma 4,05-03-19,15:40,AndLocation
,,,,,,
,,,,,,
,,,,,,
,,,,,,
,,,,,,
,,,,,,
,,,,,,
,,,,,,
