Lugar,latitud,longitud,tipo,Fecha,Hora,App
Esquina de juguitos ,6.2620079999999998,-75.577826000000002,Referencia 1,30/04/19,13:05,Google Maps.
Esquina de juguitos ,6.2620069999999997,-75.577821999999998,Toma 1,30/04/19,15:20,Mapa Coordenadas
Esquina de juguitos ,6.2620100000000001,-75.577629999999999,Toma 2,01/05/19,08:46,Mapa Coordenadas
Esquina de juguitos ,6.2620110000000002,-75.577933000000002,Toma 3,01/05/19,11:03,Mapa Coordenadas
,,,,,,
Esquina de Bancolombia cajero,6.2603239999999998,-75.578187999999997,referencia 1,04-30-19,13:13,Google Maps
Esquina de Bancolombia cajero,6.260319,-75.578175000000002,Toma 1,04-30-19,15:32,Mapa Coordenadas 
Esquina de Bancolombia cajero,6.2607109999999997,-75.578180000000003,toma 2,05-01-19,09:03,Mapa Coordenadas 
Esquina de Bancolombia cajero,6.261012,-75.578119999999998,Toma 3,05-01-19,11:14,Mapa Coordenadas 
,,,,,,
Heladeria bloque 25,6.2630809999999997,-75.576252999999994,Referencia 1,04-30-19,13:32,Google Maps
Heladeria bloque 25,6.2630840000000001,-75.576250000000002,Toma 1,04-30-19,15:48,Mapa Coordenadas 
Heladeria bloque 25,6.2630759999999999,-75.576255000000003,Toma 2,05-01-19,09:15,Mapa Coordenadas 
Heladeria bloque 25,6.2630800000000004,-75.576246999999995,Toma 3,05-01-19,11:26,Mapa Coordenadas 
