LUGAR,LATITUD ,LONGITUD,TIPO,FECHA,HORA,APP
Esquina de cruces para las canchas,6.2637739999999997,-75.576268999999996,Referencia 1,1 de mayo 2019,18:00,Google Maps
Esquina de cruces para las canchas,6.2629840000000003,-75.576436000000001,Toma 1,3 de mayo 2019,07:44,Mis coordenadas GPS
Esquina de cruces para las canchas,6.263255,-75.575986999999998,Toma 2,3 de mayo 2019,10:16,Mis coordenadas GPS
Esquina de cruces para las canchas,6.2638259999999999,-75.576294000000004,Toma 3,3 de mayo 2019,12:23,Mis coordenadas GPS
Esquina de cruces para las canchas,6.2643110000000002,-75.576465999999996,Toma 4,3 de mayo 2019,14:40,Mis coordenadas GPS
Cruce a la falcultad de artes ,6.2631829999999997,-75.576435000000004,Referencia 1,1 de mayo 2019,18:00,Google Maps
Cruce a la falcultad de artes ,6.263134,-75.576324,Toma 1,3 de mayo 2019,07:44,Mis coordenadas GPS
Cruce a la falcultad de artes ,6.263083,-75.576082,Toma 2,3 de mayo 2019,10:15,Mis coordenadas GPS
Cruce a la falcultad de artes ,6.2633010000000002,-75.576488999999995,Toma 3,3 de mayo 2019,12:22,Mis coordenadas GPS
Cruce a la falcultad de artes ,6.2635120000000004,-75.576644999999999,Toma 4,3 de mayo 2019,14:41,Mis coordenadas GPS
Glorieta que divide al camino entre el ed.46 y ed.24,6.262715,-75.576750,Referencia 1,1 de mayo 2019,18:01,Google Maps
Glorieta que divide al camino entre el ed.46 y ed.24,6.262630,-75.577437000000003,Toma 1,3 de mayo 2019,07:45,Mis coordenadas GPS
Glorieta que divide al camino entre el ed.46 y ed.24,6.2627490000000003,-75.576728000000003,Toma 2,3 de mayo 2019,10:14,Mis coordenadas GPS
Glorieta que divide al camino entre el ed.46 y ed.24,6.2627030000000001,-75.576588000000001,Toma 3,3 de mayo 2019,12:20,Mis coordenadas GPS
Glorieta que divide al camino entre el ed.46 y ed.24,6.2627110000000004,-75.578451999999999,Toma 4,3 de mayo 2019,14:44,Mis coordenadas GPS
