Lugar,Latitud,Longitud,Tipo,Fecha,Hora,App,,,,,,,
Al frente de la facultad de artes,6.263039,-75.576213999999993,referencia 1,05-02-19,01:21,google maps,,,,,,,
Al frente de la facultad de artes,6.2630210000000002,-75.576211999999998,toma 1,05-02-19,03:30,mapa coordenadas,,,,,,,
Al frente de la facultad de artes,6.2630340000000002,-75.576217,toma 2,05-02-19,05:40,mapa coordenadas,,,,,,,
Al frente de la facultad de artes,6.2630379999999999,-75.576217999999997,toma 3,05-03-19,12:30,mapa coordenadas,,,,,,,
Al frente de la facultad de artes,6.2630249999999998,-75.576216000000002,toma 4,05-03-19,03:00,mapa coordenadas,,,,,,,
,,,,,,,,,,,,,
,,,,,,,,,,,,,

lugar,latitud,longitud,tipo,fecha,hora,app,,,,,,,
al frente del bloque de arquitectura,6.2624510000000004,-75.576688000000004,referencia 1,05-02-19,01:24,google maps,,,,,,,
al frente del bloque de arquitectura,6.262510,-75.576665000000006,toma 1,05-02-19,03:32,mapa coordenadas,,,,,,,
al frente del bloque de arquitectura,6.2625209999999996,-75.576626000000005,toma 2,05-02-19,05:44,mapa coordenadas,,,,,,,
al frente del bloque de arquitectura,6.262520,-75.576618999999994,toma 3,05-03-19,12:34,mapa coordenadas,,,,,,,
al frente del bloque de arquitectura,6.2625140000000004,-75.576627000000002,toma 4,05-03-19,03:05,mapa coordenadas,,,,,,,


,,,,,,,,,,,,,
lugar,Latitud,longitud,tipo,fecha,hora,app,,,,,,,
esquina bloque 46,6.2624659999999999,-75.577313000000004,referencia 1,05-02-19,01:29,google maps,,,,,,,
esquina bloque 46,6.2624719999999998,-75.577315999999996,toma 1,05-02-19,03:27,mapa coordenadas,,,,,,,
esquina bloque 46,6.2624760000000004,-75.577324000000004,toma 2,05-02-19,05:37,mapa coordenadas,,,,,,,
esquina bloque 46,6.2624769999999996,-75.577320999999998,toma 3,05-03-19,12:40,mapa coordenadas,,,,,,,
esquina bloque 47,6.2624779999999998,-75.577315999999996,toma 4,05-03-19,03:10,mapa coordenadas,,,,,,,
