LUGAR,LATITUD,LONGITUD,TIPO,FECHA,HORA,APP,IMAGEN
entrada piscina,6.2646699999999997,-75.577349999999996,referencia 1,04-30-19,12:30 m,google maps,
entrada piscina,6.2645099999999996,-75.577160000000006,toma 1,04-30-19,4:10p. m,mi ubicación gps,
entrada piscina,6.2634499999999997,-75.576539999999994,toma 2,05-02-19,8:10am,mi ubicación gps,
entrada piscina,6.2632099999999999,-75.577610000000007,toma 3,05-02-19,12:15m,mi ubicación gps,
entrada piscina,6.26431,-75.575410000000005,toma 4,05-03-19,11:30am,mi ubicación gps,
mapa de la universidad,6.2639699999999996,-75.576499999999996,referencia 1,04-30-19,12:35m,google maps,
mapa de la universidad,6.2625599999999997,-75.576710000000006,toma 1,04-30-19,4:17pm,mi ubicación gps,
mapa de la universidad,6.2634699999999999,-75.575479999999999,toma 2,05-02-19,8:16am,mi ubicación gps,
mapa de la universidad,6.26145,-75.574259999999995,toma 3,05-02-19,12:21m,mi ubicación gps,
mapa de la universidad,6.2646800000000002,-75.574119999999994,toma 4,05-03-19,11:36am,mi ubicación gps,
escalas bloque 24,6.2625799999999998,-75.576650000000001,referencia 1,04-30-19,12:50m,google maps,
escalas bloque 24,6.2616699999999996,-75.576530000000005,toma 1,04-30-19,4:31pm.,mi ubicación gps,
escalas bloque 24,6.2614900000000002,-75.576409999999996,toma 2,05-02-19,8:28am,mi ubicación gps,
escalas bloque 24,6.2627499999999996,-75.575490000000002,toma 3,05-02-19,12:38m,mi ubicación gps,
escalas bloque 24,6.2654100000000001,-75.576359999999994,toma 4,05-03-19,11:53am,mi ubicación gps,
