LUGAR,LATITUD,LONGITUD,TIPO,FECHA,HORA,APP
Esquina de bicicletas al lado del bloque 43,6.2624968,"-75,5779048",Referencia 1,04-30-19,14:59,Google Maps
Esquina de bicicletas al lado del bloque 43,6.262365,"-75,577994",Toma 1,04-30-19,15:15,Mapa Coordenadas
Esquina de bicicletas al lado del bloque 43,6.262499,"-75,577995",Toma 2,05-03-19,09:23,Mapa Coordenadas
Esquina de bicicletas al lado del bloque 43,6.26245,"-75,577884",Toma 3,05-03-19,12:18,Mapa Coordenadas
Esquina de bicicletas al lado del bloque 43,6.262385,"-75,577919",Toma 4,05-06-19,11:54,Mapa Coordenadas

Entrada bloque 16,6.261129,"-75,5775445",Referencia 2,04-30-19,14:44,Google Maps
Entrada bloque 16,6.261184,"-75,577638",Toma 1,04-30-19,15:26,Mapa Coordenadas
Entrada bloque 16,6.261127,"-75,577575",Toma 2,05-03-19,09:26,Mapa Coordenadas
Entrada bloque 16,6.260957,"-75,577363",Toma 3,05-03-19,12:14,Mapa Coordenadas
Entrada bloque 16,6.261102,"-75,57779",Toma 4,05-06-19,11:50,Mapa Coordenadas

En frente al bloque 11 (parqueadero),6.2609279,"-75,5762919",Referencia 3,04-30-19,14:50,Google Maps
En frente al bloque 11 (parqueadero),6.260869,"-75,576159",Toma 1,04-30-19,15:40,Mapa Coordenadas
En frente al bloque 11 (parqueadero),6.260813,"-75,576333",Toma 2,05-03-19,09:30,Mapa Coordenadas
En frente al bloque 11 (parqueadero),6.260929,"-75,57633",Toma 3,05-03-19,12:12,Mapa Coordenadas
En frente al bloque 11 (parqueadero),6.261042,"-75,576379",Toma 4,05-06-19,13:32,Mapa Coordenadas
