Lugar,latitud,longitud,tipo,Fecha,Hora,App
Curva del gimnasio al aire libre al lado de la cancha principal,6.2606339999999996,-75.578672999999995,Referencia 1,01/05/19,12:33,Google Maps.
Curva del gimnasio al aire libre al lado de la cancha principal,6.2607350000000004,-75.578698000000003,Toma 1,02/05/19,09:21,Map Coordinates
Curva del gimnasio al aire libre al lado de la cancha principal,6.2607059999999999,-75.578708000000006,Toma 2,03/05/19,10:00,Map Coordinates
Curva del gimnasio al aire libre al lado de la cancha principal,6.260624,-75.578714000000005,Toma 3,03/05/19,12:05,Map Coordinates
Curva del gimnasio al aire libre al lado de la cancha principal,6.2606409999999997,-75.578672999999995,Toma 4,03/05/19,14:29,Map Coordinates
,,,,,,
Lugar,latitud,longitud,tipo,Fecha,Hora,App
Esquina al lado del paradero de buses ,6.2603070000000001,-75.577332999999996,Referencia 1,01/05/19,12:35,Google Maps.
Esquina al lado del paradero de buses ,6.260351,-75.577378999999993,Toma 1,02/05/19,09:25,Map Coordinates
Esquina al lado del paradero de buses ,6.2603439999999999,-75.577342000000002,Toma 2,03/05/19,10:03,Map Coordinates
Esquina al lado del paradero de buses ,6.2602919999999997,-75.577270999999996,Toma 3,03/05/19,12:10,Map Coordinates
Esquina al lado del paradero de buses ,6.2603369999999998,-75.577296000000004,Toma 4,03/05/19,14:20,Map Coordinates

Lugar,latitud,longitud,tipo,Fecha,Hora,App
Primer esquina del bloque 12,6.2609519999999996,-75.576311000000004,Referencia 1,01/05/19,12:37,Google Maps.
Primer esquina del bloque 12,6.2610099999999997,-75.576644999999999,Toma 1,02/05/19,09:28,Map Coordinates
Primer esquina del bloque 12,6.2609009999999996,-75.576599999999999,Toma 2,03/05/19,10:05,Map Coordinates
Primer esquina del bloque 12,6.2610099999999997,-75.576684,Toma 3,03/05/19,12:13,Map Coordinates
Primer esquina del bloque 12,6.2609560000000002,-75.576695000000001,Toma 4,03/05/19,14:15,Map Coordinates
