Lugar,Latitud,Longitud,Tipo,Fecha,Hora,App
Noroeste de la rotonda cerca de la entrada de la 65.,6.2607600000000003,-75.578636000000003,Referencia 1,02/05/19,07:00,Google Maps.
Noroeste de la rotonda cerca de la entrada de la 65.,6.2682960000000003,-75.579312000000002,Toma 1.1,02/05/19,09:45,Mapa Coordenadas
Noroeste de la rotonda cerca de la entrada de la 65.,6.260796,-75.578647000000004,Toma 1.2,02/05/19,11:59,Latitud y Longitud
Noroeste de la rotonda cerca de la entrada de la 65.,6.2606869999999999,-75.578534000000005,Toma 1.3,03/05/19,11:10,Latitud y Longitud
Noroeste de la rotonda cerca de la entrada de la 65.,6.2607249999999999,-75.578614999999999,Toma 1.4,03/05/19,14:03,Latitud y Longitud
,,,,,,
Entrada que mira hacia el oriente del bloque 41.,6.2614460000000003,-75.577155000000005,Referencia 2,05-02-19,07:02,Google Maps
Entrada que mira hacia el oriente del bloque 41.,6.260688,-75.572180000000003,Toma 2.1,05-02-19,0.41875000000000001,Mapa Coordenadas
Entrada que mira hacia el oriente del bloque 41.,6.2613890000000003,-75.577173000000002,Toma 2.2,05-02-19,12:25,Latitud y Longitud
Entrada que mira hacia el oriente del bloque 41.,6.2613989999999999,-75.577138000000005,Toma 2.3,05-03-19,11:34,Latitud y Longitud
Entrada que mira hacia el oriente del bloque 41.,6.2614000000000001,-75.577112,Toma 2.4,05-03-19,13:40,Latitud y Longitud

Segundo cruce peatonal cerca de la entrada de la Autopista Norte.,6.2637879999999999,-75.576245,Referencia 3,05-02-19,07:03,Google Maps
Segundo cruce peatonal cerca de la entrada de la Autopista Norte.,6.2672319999999999,-75.572732000000002,Toma 3.1,05-02-19,09:55,Mapa Coordenadas
Segundo cruce peatonal cerca de la entrada de la Autopista Norte.,6.2638249999999998,-75.576216000000002,Toma 3.2,05-02-19,12:18,Latitud y Longitud
Segundo cruce peatonal cerca de la entrada de la Autopista Norte.,6.263776,-75.576221000000004,Toma 3.3,05-03-19,11:27,Latitud y Longitud
Segundo cruce peatonal cerca de la entrada de la Autopista Norte.,6.2638189999999998,-75.576209000000006,Toma 3.4,05-03-19,13:47,Latitud y Longitud
