,,,,,,,,,Referencia 1
,LUGAR,LATITUD,LONGITUD,TIPO,FECHA,HORA,APP,,
,Bibloteca:Escalas para subir al Auditorio Gerardo Molina,6.261732,-75.577622000000005,Referencia 1,30/04/19,10:25:00 a.m,Google Maps,,
,Bibloteca:Escalas para subir al Auditorio Gerardo Molina,6.261794,-75.577388999999997,Toma 1,30/04/19,12:40:00 p.m,Mapa Coodenadas,,
,Bibloteca:Escalas para subir al Auditorio Gerardo Molina,6.260534,-75.577438999999998,Toma2,02/05/19,8:10:00 a.m,Mapa Coodenadas,,
,Bibloteca:Escalas para subir al Auditorio Gerardo Molina,6.261718,-75.577986999999993,Toma3,02/05/19,12:10:00 p.m,Mapa Coodenadas,,
,Bibloteca:Escalas para subir al Auditorio Gerardo Molina,6.261409,-75.577239000000006,Toma4,03/05/19,7:40:00 a.m,Mapa Coodenadas,,
,Facultad De arquitectura:Ecuela de artes-entrada,6.263210,-75.576104999999998,Referencia 2,30/04/19,13:32:00 p.m,Google Maps,,
,Facultad De arquitectura:Ecuela de artes-entrada,6.263908,-75.576286999999994,Toma 1,30/04/19,15:40:00 p.m,Mapa Coodenadas,,
,Facultad De arquitectura:Ecuela de artes-entrada,6.263411,-75.576753999999994,Toma 2,02/05/19,11:40:00 a.m,Mapa Coodenadas,,
,Facultad De arquitectura:Ecuela de artes-entrada,6.263587,-75.576481999999999,Toma 3,02/05/19,15:24:00 p.m,Mapa Coodenadas,,
,Facultad De arquitectura:Ecuela de artes-entrada,6.263965,-75.578582999999995,Toma 4,03/05/19,8:40:00 a.m,Mapa Coodenadas,,
,Museo de entomologia Francisco Luis Gallego,6.260778,-75.576032999999995,Referencia 3,30/04/19,14:32:00 p.m,Google Maps,,
,Museo de entomologia Francisco Luis Gallego,6.260435,-75.576922999999994,Toma 1,30/04/19,18:32:00 p.m,Mapa Coodenadas,,
,Museo de entomologia Francisco Luis Gallego,6.260214,-75.576492000000002,Toma 2,02/05/19,13:44:00 p.m,Mapa Coodenadas,,
,Museo de entomologia Francisco Luis Gallego,6.261395,-75.576031999999998,Toma 3,02/05/19,18:50:00 p.m,Mapa Coodenadas,,
,Museo de entomologia Francisco Luis Gallego,6.260372,-75.577602999999996,Toma 4,03/05/19,9:10:00 a.m,Mapa Coodenadas,,Sebastian Cardona Munera,
,,,,,,,,,,
,Referencia 3,,,,Referencia 2,,,,,
