Lugar,latitud,longitud,tipo,Fecha,Hora,App
coliseo,6.2651029999999999,-75.576874000000004,Referencia 1,04-30-19,21:05,Google Maps.
coliseo,6.2650410000000001,-75.576870999999997,Toma 1,04-30-19,13:55,Mapa Coordenadas
coliseo,6.2650490000000003,-75.576864,Toma 2,05-02-19,08:05,Mapa Coordenadas
coliseo,6.2650560000000004,-75.576845000000006,Toma 3,05-02-19,10:09,Mapa Coordenadas
coliseo,6.2650699999999997,-75.577119999999994,Toma 4,05-02-19,12:20,Mapa Coordenadas
frente a biblioteca efe Gomez,6.2615259999999999,-75.577450999999996,Referencia 2,04-30-19,21:05,Google Maps.
frente a biblioteca efe Gomez,6.2615759999999998,-75.577597999999995,Toma 1,04-30-19,14:20,Mapa Coordenadas
frente a biblioteca efe Gomez,6.2615429999999996,-75.577431000000004,Toma 2,05-02-19,08:00,Mapa Coordenadas
frente a biblioteca efe Gomez,6.2615429999999996,-75.577644000000006,Toma 3,05-02-19,10:00,Mapa Coordenadas
frente a biblioteca efe Gomez,6.2615530000000001,-75.577439999999996,Toma 4,05-02-19,12:00,Mapa Coordenadas
mesas entre el 21 y 14,6.2615639999999999,-75.576087999999999,Referencia 3,05-03-19,21:05,Google Maps.
mesas entre el 21 y 14,6.2613799999999999,-75.57611,Toma 1,05-03-19,07:40,Mapa Coordenadas
mesas entre el 21 y 14,6.2616160000000001,-75.576183999999998,Toma 2,05-03-19,05:50,Mapa Coordenadas
mesas entre el 21 y 14,6.2616529999999999,-75.576188000000002,Toma 3,05-03-19,12:00,Mapa Coordenadas
mesas entre el 21 y 14,6.2616949999999996,-75.576200999999998,Toma 4,05-03-19,14:20,Mapa Coordenadas
