Lugar,latitud,longitud,tipo,Fecha,Hora,App
Escaleras frente al cajero Bancolombia.,6.260389,-75.578084000000004,Referencia 1,02/05/19,10:30,Google Maps.
Escaleras frente al cajero Bancolombia.,6.2603939999999998,-75.578080999999997,Toma 1,02/05/19,13:56,GPS location.
Escaleras frente al cajero Bancolombia.,6.2612079999999999,-75.576862000000006,Toma 2,02/05/19,17:14,GPS location.
Escaleras frente al cajero Bancolombia.,6.2608309999999996,-75.576671000000005,Toma 3,03/05/19,16:35,GPS location.
,,,,,,
,,,,,,
,,,,,,
Lugar,latitud,longitud,tipo,Fecha,Hora,App
"Esquina superior izquierda, bloque 42, frente al bloque 42a.",6.2618489999999998,-75.578475999999995,Referencia 1,02/05/19,10:30,Google Maps.
"Esquina superior izquierda, bloque 42, frente al bloque 42a.",6.2618859999999996,-75.578442999999993,Toma 1,02/05/19,14:00,GPS location.
"Esquina superior izquierda, bloque 42, frente al bloque 42a.",6.2612079999999999,-75.576862000000006,Toma 2,02/05/19,17:05,GPS location.
"Esquina superior izquierda, bloque 42, frente al bloque 42a.",6.2618273000000002,-75.576431999999997,Toma 3,03/05/19,16:39,GPS location.
,,,,,,
,,,,,,
,,,,,,
Lugar,latitud,longitud,tipo,Fecha,Hora,App
"Esquina inferior derecha, bloque 41.",6.2612079999999999,-75.577241999999998,Referencia 1,02/05/19,10:30,Google Maps.
"Esquina inferior derecha, bloque 42.",6.2622010000000001,-75.578413999999995,Toma 1,02/05/19,14:03:00 p. m.,GPS location.
"Esquina inferior derecha, bloque 43.",6.2611039999999996,-75.576832999999993,Toma 2,02/05/19,17:10,GPS location.
"Esquina inferior derecha, bloque 44.",6.2612059999999996,-75.577273000000005,Toma 3,03/05/19,16:55,GPS location.
