Lugar,Latitud,Longitud,Tipo,Fecha,Hora,App
Entrada principal del bloque 46,6.2626419999999996,-75.577450999999996,Referencia,05-01-19,0.72222222222222221, google maps
Entrada principal del bloque 46,6.2626520000000001,-75.577331999999998,Toma 1,05-02-19,0.4152777777777778,AndLocation
Entrada principal del bloque 46,6.262630,-75.577488000000002,Toma 2,05-02-19,0.51041666666666663,AndLocation
Entrada principal del bloque 46,6.2626390000000001,-75.577391000000006,Toma 3,05-03-19,0.3611111111111111,AndLocation
Entrada principal del bloque 46,6.2626520000000001,-75.577331999999998,Toma 4,05-03-19,0.4861111111111111,AndLocation

Lugar,Latitud,Longitud,Tipo,Fecha,Hora,App
Esquina del bloque 50A,6.2615869999999996,-75.579267999999999,Referencia,05-01-19,0.72916666666666663, google maps
Esquina del bloque 50A,6.2615230000000004,-75.579285999999996,Toma 1,05-02-19,0.43055555555555558,AndLocation
Esquina del bloque 50A,6.2614749999999999,-75.579233000000002,Toma 2,05-02-19,0.52083333333333337,AndLocation
Esquina del bloque 50A,6.2615230000000004,-75.579285999999996,Toma 3,05-03-19,0.36458333333333331,AndLocation
Esquina del bloque 50A,6.2615230000000004,-75.579285999999996,Toma 4,05-03-19,0.47916666666666669,AndLocation

Lugar,Latitud,Longitud,Tipo,Fecha,Hora,App
Entrada del polideportivo,6.264915,-75.577167000000003,Referencia,05-01-19,0.73333333333333339, google maps
Entrada del polideportivo,6.265056,-75.576845000000006,Toma 1,05-02-19,0.42152777777777778,AndLocation
Entrada del polideportivo,6.265004,-75.577703,Toma 2,05-02-19,0.51388888888888895,AndLocation
Entrada del polideportivo,6.264877,-75.577045999999996,Toma 3,05-03-19,0.36874999999999997,AndLocation
Entrada del polideportivo,6.265056,-75.576845000000006,Toma 4,05-03-19,0.4548611111111111,AndLocation
