Lugar,latitud,longitud,tipo,Fecha,Hora,App
Punto de encuentro frente al bloque 25,6.2631439999999996,-75.576508000000004,Referencia 1,30/04/19,19:50,Google Maps.
Punto de encuentro frente al bloque 25,6.2631300000000003,-75.576499999999996,Toma 1,30/04/19,16:07,Mi ubicación GPS
Punto de encuentro frente al bloque 25,6.2631800000000002,-75.576490000000007,Toma 2,02/05/19,10:19,Mi ubicación GPS
Punto de encuentro frente al bloque 25,6.2631100000000002,-75.576520000000002,Toma 3,02/05/19,14:06,Mi ubicación GPS
Punto de encuentro frente al bloque 25,6.2631699999999997,-75.576530000000005,Toma 4,02/05/19,16:31,Mi ubicación GPS
,,,,,,
Lugar,latitud,longitud,tipo,Fecha,Hora,App
Telefono UNE de la glorieta,6.2606640000000002,-75.578361000000001,Referencia 1,30/04/19,20:11,Google Maps.
Telefono UNE de la glorieta,6.26065,-75.578329999999994,Toma 1,30/04/19,12:54,Mi ubicación GPS
Telefono UNE de la glorieta,6.26065,-75.578400000000002,Toma 2,30/04/19,16:00,Mi ubicación GPS
Telefono UNE de la glorieta,6.2606599999999997,-75.57835,Toma 3,02/05/19,10:32,Mi ubicación GPS
Telefono UNE de la glorieta,6.2606400000000004,-75.578360000000004,Toma 4,02/05/19,16:31,Mi ubicación GPS

Lugar,latitud,longitud,tipo,Fecha,Hora,App
Escaleras de entrada al bloque 11,6.2608290000000002,-75.576110999999997,Referencia 1,30/04/19,20:30,Google Maps.
Escaleras de entrada al bloque 11,6.2608100000000002,-75.576130000000006,Toma 1,30/04/19,13:07,Mi ubicación GPS
Escaleras de entrada al bloque 11,6.2608600000000001,-75.576149999999998,Toma 2,30/04/19,15:51,Mi ubicación GPS
Escaleras de entrada al bloque 11,6.2608600000000001,-75.576089999999994,Toma 3,02/05/19,10:24,Mi ubicación GPS
Escaleras de entrada al bloque 11,6.2608800000000002,-75.576189999999997,Toma 4,02/05/19,14:13,Mi ubicación GPS


,,,,,,
