Lugar,Latitud,Longitud,Tipo,Fecha,Hora,App,
Entrada sur bloque 41,6.2611109999999996,-75.577500000000001,Referencia,05-02-19,0.40625,Google Earth,
Entrada sur bloque 41,6.2611270000000001,-75.577799999999996,Toma,05-02-19,0.42083333333333334,Mapa Coordenadas,
Entrada sur bloque 41,6.2611309999999998,-75.576800000000006,Toma,05-02-19,0.59097222222222223,Mapa Coordenadas,
Entrada sur bloque 41,6.2611169999999996,-75.577100000000002,Toma,05-03-19,0.43888888888888888,Mapa Coordenadas,
Entrada sur bloque 41,6.261101,-75.576499999999996,Toma,05-03-19,0.57361111111111118,Mapa Coordenadas,
Entrada oeste bloque 25,6.2630549999999996,-75.576110999999997,Referencia,05-02-19,0.40763888888888888,Google Earth,
Entrada oeste bloque 25,6.2630650000000001,-75.576111999999995,Toma,05-02-19,0.42569444444444443,Mapa Coordenadas,
Entrada oeste bloque 25,6.263077,-75.576149000000001,Toma,05-02-19,0.62569444444444444,Mapa Coordenadas,
Entrada oeste bloque 25,6.2630509999999999,-75.576121999999998,Toma,05-03-19,0.46736111111111112,Mapa Coordenadas,
Entrada oeste bloque 25,6.2631110000000003,-75.576188999999999,Toma,05-03-19,0.7416666666666667,Mapa Coordenadas,
Escaleras traseras bloque 21,6.261666,-75.575833000000003,Referencia,05-02-19,0.41041666666666665,Google Earth,
Escaleras traseras bloque 21,6.2616560000000003,-75.575833000000003,Toma,05-02-19,0.43055555555555558,Mapa Coordenadas,
Escaleras traseras bloque 21,6.2615460000000001,-75.575812999999997,Toma,05-02-19,0.59513888888888888,Mapa Coordenadas,
Escaleras traseras bloque 21,6.2616620000000003,-75.575833000000003,Toma,05-03-19,0.43333333333333335,Mapa Coordenadas,
Escaleras traseras bloque 21,6.2617659999999997,-75.575892999999994,Toma,05-03-19,0.58402777777777781,Mapa Coordenadas,

Imágenes Ubicaciones:,,,,,,,
Número 1:,,,,,,,




















 ,,,,,,,
Número 2:,,,,,,,


























Número 3:,,,,,,,
