Lugar,latitud,longitud,tipo,Fecha,Hora,App
Mesas entre bloque 46 y bloque 43,6.2625770000000003,-75.577860999999999,Referencia 1,04-30-19,12:10,Google Maps.
Mesas entre bloque 46 y bloque 43,6.2626480000000004,-75.577887000000004,Toma 1,04-30-19,12:21,Mis Coordenadas GPS
Mesas entre bloque 46 y bloque 43,6.2626340000000003,-75.577928,Toma 2,04-30-19,16:01,Mis Coordenadas GPS
Mesas entre bloque 46 y bloque 43,6.2626569999999999,-75.577786000000003,Toma 3,05-02-19,08:22,Mis Coordenadas GPS
Mesas entre bloque 46 y bloque 43,6.2626540000000004,-75.577855,Toma 4,05-02-19,12:59,Mis Coordenadas GPS
Escaleras  bloque 24,6.2626200000000001,-75.576693000000006,Referencia 2,04-30-19,12:11,Google Maps.
Escaleras  bloque 24,6.2626049999999998,-75.576713999999996,Toma 1,04-30-19,12:25,Mis Coordenadas GPS
Escaleras  bloque 24,6.2626429999999997,-75.576682000000005,Toma 2,04-30-19,16:06,Mis Coordenadas GPS
Escaleras  bloque 24,6.2625820000000001,-75.576656,Toma 3,05-02-19,10:37,Mis Coordenadas GPS
Escaleras  bloque 24,6.2623879999999996,-75.576284000000001,Toma 4,05-02-19,12:40,Mis Coordenadas GPS
Frente Bloque 21,6.2618840000000002,-75.576344000000006,Referencia 3,04-30-19,12:12,Google Maps.
Frente Bloque 21,6.2620060000000004,-75.576294000000004,Toma 1,04-30-19,12:30,Mis Coordenadas GPS
Frente Bloque 21,6.2617669999999999,-75.576306000000002,Toma 2,05-02-19,08:30,Mis Coordenadas GPS
Frente Bloque 21,6.2618260000000001,-75.576290999999998,Toma 3,05-02-19,10:31,Mis Coordenadas GPS
Frente Bloque 21,6.261666,-75.576110999999997,Toma 4,05-02-19,12:31,Mis Coordenadas GPS
