Lugar,latitud,longitud,tipo,Fecha,Hora,App,,,
Glorieta sede  volador ,6.2605779999999998,-75.578639999999993,Refernecia ,05/07/19,16:50,Google Maps.,,,
Glorieta sede  volador ,6.2605820000000003,-75.578636000000003,Toma 1,05/08/19,09:53,Mapa Coordenadas,,,
Glorieta sede  volador ,6.2606279999999996,-75.578552999999999,Toma 2,05/08/19,11:49,Mapa Coordenadas,,,
Glorieta sede  volador ,6.260618,-75.578607000000005,Toma 3,05/08/19,17:49,Mapa Coordenadas,,,
Glorieta sede  volador ,6.2606120000000001,-75.578660,Toma 4,9/52019,17:16,Mapa Coordenadas,,,
Paradero del bus sede volador,6.2601950000000004,-75.576920000000001,Refernecia ,07-05-19,16:54,Google Maps.,,,
Paradero del bus sede volador,6.2601880000000003,-75.576982000000001,Toma 1,08-05-19,07:12,Mapa Coordenadas,,,
Paradero del bus sede volador,6.2602120000000001,-75.576931999999999,Toma 2,08-05-19,15:45,Mapa Coordenadas,,,
Paradero del bus sede volador,6.2601180000000003,-75.576907000000006,Toma 3,10-05-19,07:54,Mapa Coordenadas,,,
Paradero del bus sede volador,6.2602520000000004,-75.577006999999995,Toma 4,10-05-19,13:38,Mapa Coordenadas,,,
Esquina de la cancha de tenis sede volador,6.263204,-75.576507000000007,Refernecia ,07-05-19,16:58,Google Maps.,,,
Esquina de la cancha de tenis sede volador,6.2631449999999997,-75.576426999999995,Toma 1,08-05-19,17:00,Mapa Coordenadas,,,
Esquina de la cancha de tenis sede volador,6.2632130000000004,-75.576517999999993,Toma 2,08-05-19,19:45:00 PM,Mapa Coordenadas,,,
Esquina de la cancha de tenis sede volador,6.2630970000000001,-75.576457000000005,Toma 3,09-05-19,10:27,Mapa Coordenadas,,,
Esquina de la cancha de tenis sede volador,6.2632370000000002,-75.576460,Toma 4,10-05-19,16:27,Mapa Coordenadas,,,
,,,,,,,,,
,,,,,,,,,
,,,,,,,,,
,,,,,,,,,
,,,,,,,,,
,,,,,,,,,
,,,,,,,,,
