Lugar,latitud,longitud,tipo,Fecha,Hora,App
Cafeteria Central Bloque 44,6.2622027999999998,-75.577723800000001,Referencia 1,03/05/19,08:00,Google Maps.
Cafeteria Central Bloque 44,6.2622030000000004,-75.577179999999998,Toma 1,03/05/19,10:00,Mapa Coordenadas
Cafeteria Central Bloque 44,6.2622070000000001,-75.577177000000006,Toma 2,03/05/19,12:00,Mapa Coordenadas
Cafeteria Central Bloque 44,6.2622080000000002,-75.577174999999997,Toma 3,03/05/19,15:00,Mapa Coordenadas
Cafeteria Central Bloque 44,6.2622090000000004,-75.577168999999998,Toma 4,03/05/19,17:00,Mapa Coordenadas
Biblioteca Efe Gomez Bloque 41,6.2620108999999999,-75.577820299999999,Referencia 2,03/05/19,08:05,Google Maps.
Biblioteca Efe Gomez Bloque 41,6.2616740000000002,-75.578038000000006,Toma 1,03/05/19,10:05,Mapa Coordenadas
Biblioteca Efe Gomez Bloque 41,6.2616649999999998,-75.578035,Toma 2,03/05/19,12:05,Mapa Coordenadas
Biblioteca Efe Gomez Bloque 41,6.2616620000000003,-75.578031999999993,Toma 3,03/05/19,15:05,Mapa Coordenadas
Biblioteca Efe Gomez Bloque 41,6.261666,-75.578024999999997,Toma 4,03/05/19,17:05,Mapa Coordenadas
Autoservicio Bancolombia,6.2613363,-75.577809599999995,Referencia 3,03/05/19,08:12,Google Maps.
Autoservicio Bancolombia,6.260751,-75.577623000000003,Toma 1,03/05/19,10:12,Mapa Coordenadas
Autoservicio Bancolombia,6.2607460000000001,-75.577619999999996,Toma 2,03/05/19,12:12,Mapa Coordenadas
Autoservicio Bancolombia,6.2607590000000002,-75.577624999999998,Toma 3,03/05/19,15:12,Mapa Coordenadas
Autoservicio Bancolombia,6.260751,-75.577668000000003,Toma 4,03/05/19,17:12,Mapa Coordenadas
