Lugar,Latitud,Longitud,Tipo,Fecha,Hora,Aplicación
Esquina glorieta porteria La 65,6.2604610000000003,-75.578485999999998,Referencia 1,05-03-19,22:16,Google Maps
Esquina glorieta porteria La 65,6.2604959999999998,-75.578567000000007,Toma 1,05-02-19,07:40,GPS Coordinates
Esquina glorieta porteria La 65,6.2601659999999999,-75.581383000000002,Toma 2,05-02-19,10:00,GPS Coordinates
Esquina glorieta porteria La 65,6.2606070000000003,-75.579312999999999,Toma 3,05-02-19,14:03,GPS Coordinates
Esquina glorieta porteria La 65,6.2605269999999997,-75.578424999999996,Toma 4,05-03-19,05:49,GPS Coordinates
enCicla Campus Nacional,6.2603400000000002,-75.577239000000006,Referencia 2,05-03-19,22:17,Google Maps
enCicla Campus Nacional,6.2605079999999997,-75.577419000000006,Toma 1,05-02-19,07:43,GPS Coordinates
enCicla Campus Nacional,6.2603059999999999,-75.577253999999996,Toma 2,05-02-19,10:02,GPS Coordinates
enCicla Campus Nacional,6.2602399999999996,-75.581453999999994,Toma 3,05-02-19,14:05,GPS Coordinates
enCicla Campus Nacional,6.2597230000000001,-75.577569999999994,Toma 4,05-03-19,05:50,GPS Coordinates
De Lolita UN,6.2622600000000004,-75.577224000000001,Referencia 3,05-03-19,22:18,Google Maps
De Lolita UN,6.2623110000000004,-75.577247999999997,Toma 1,05-02-19,07:34,Gps Coordinates
De Lolita UN,6.2621890000000002,-75.577427999999998,Toma 2,05-02-19,09:55,Gps Coordinates
De Lolita UN,6.2608810000000004,-75.577715999999995,Toma 3,05-02-19,14:08,Gps Coordinates
De Lolita UN,6.2622920000000004,-75.577251000000004,Toma 4,05-03-19,05:45,Gps Coordinates
