Lugar,latitud,longitud,tipo,Fecha,Hora,App
AutoSevicio Bancolombia,6.2608280000000001,-75.577637999999993,Referencia 1,01/05/19,16:13,Google Maps.
AutoSevicio Bancolombia,6.260820,-75.577616000000006,Toma 1,02/05/19,09:38,Mapa Coordenadas
AutoSevicio Bancolombia,6.2607809999999997,-75.577494999999999,Toma 2,02/05/19,12:17,Mapa Coordenadas
AutoSevicio Bancolombia,6.2607140000000001,-75.577578000000003,Toma 3,03/05/19,09:40,Mapa Coordenadas
AutoSevicio Bancolombia,6.2607739999999996,-75.577717000000007,Toma 4,03/05/19,12:20,Mapa Coordenadas
Rapicopias,6.262162,-75.577326999999997,Referencia 1,01/05/19,16:14,Google Maps.
Rapicopias,6.2620740000000001,-75.577664999999996,Toma 1,02/05/19,09:47,Mapa Coordenadas
Rapicopias,6.2619189999999998,-75.577288999999993,Toma 2,02/05/19,12:22,Mapa Coordenadas
Rapicopias,6.261908,-75.577387999999999,Toma 3,03/05/19,09:43,Mapa Coordenadas
Rapicopias,6.2620120000000004,-75.577459000000005,Toma 4,03/05/19,12:23,Mapa Coordenadas
FotoCopiadora bloque 24,6.2626119999999998,-75.576570,Referencia 1,01/05/19,16:12,Google Maps.
FotoCopiadora bloque 24,6.262664,-75.576840,Toma 1,02/05/19,09:54,Mapa Coordenadas
FotoCopiadora bloque 24,6.2625219999999997,-75.576595999999995,Toma 2,02/05/19,12:25,Mapa Coordenadas
FotoCopiadora bloque 24,6.2625539999999997,-75.576688000000004,Toma 3,03/05/19,09:45,Mapa Coordenadas
FotoCopiadora bloque 24,6.2627160000000002,-75.576853,Toma 4,03/05/19,12:26,Mapa Coordenadas
,,,,,,,,,,
,,,,,,,,,,
