Lugar,latitud,longitud,tipo,Fecha,Hora,App,
Entrada al Bloque 21 direccion agora,6.2618821999999996,-75.576343600000001,Referencia 1,01/04/19,10:49,Google Maps.,
Entrada al Bloque 21 direccion agora,6.2618260000000001,-75.576323000000002,Toma 1,01/04/19,12:18,Mis coordenadas GPS,
Entrada al Bloque 21 direccion agora,6.2618910000000003,-75.576454999999996,Toma 2,01/04/19,02:53,Mis coordenadas GPS,
Entrada al Bloque 21 direccion agora,6.2618539999999996,-75.576323000000002,Toma 3,02/05/19,09:17,Mis coordenadas GPS,
Entrada al Bloque 21 direccion agora,6.2620060000000004,-75.576323000000002,Toma 4,02/05/19,12:47,Mis coordenadas GPS,
Entrada del Bloque 16,6261106,-75577838,Referencia 1,01/04/19,09:26,Google Maps.,
Entrada del Bloque 16,6.2610869999999998,-75577831,Toma 1,01/05/19,11:40,Mis coordenadas GPS,
Entrada del Bloque 16,6.2611330000000001,-75.577646000000001,Toma 2,01/05/19,14:25,Mis coordenadas GPS,
Entrada del Bloque 16,6.2611460000000001,-75.577651000000003,Toma 3,02/05/19,09:37,Mis coordenadas GPS,
Entrada del Bloque 16,6.2610760000000001,-75.577821999999998,Toma 4,02/05/19,12:23,Mis coordenadas GPS,
Entrada del Bloque 11,6260940,-75.576018000000005,Referencia 1,03/05/19,09:50,Google Maps.,
Entrada del Bloque 11,6.2609969999999997,-75.576093,Toma 1,03/05/19,12:54,Mis coordenadas GPS,
Entrada del Bloque 11,6.2610210000000004,-75.576092000000003,Toma 2,03/05/19,15:09,Mis coordenadas GPS,
Entrada del Bloque 11,6.2609870000000001,-75576098,Toma 3,06/05/19,12:03,Mis coordenadas GPS,
Entrada del Bloque 11,6.2610650000000003,-75576317,Toma 4,06/05/19,16:08,Mis coordenadas GPS,
,,,,,,,
