Lugar,latitud,longitud,tipo,Fecha,Hora,App
Frente al bloque 50 a,6.26147,-75.57924,Referencia 1,03/05/19,07:45,Google Maps.
Frente al bloque 50 a,6.261475,-75.579244,Toma1,03/05/19,09:37,Mapa coordenadas
Frente al bloque 50 a,6.261466,-75.579245,Toma2,03/05/19,12:23,Mapa coordenadas
Frente al bloque 50 a,6.261566,-75.579242,Toma3,06/05/19,10:30,Mapa coordenadas
Frente al bloque 50 a,6.261359,-75.579424,Toma4,06/05/19,12:30,Mapa coordenadas
Frente al bloque 46,6.26267,-75.57728,Referencia 2,03/05/19,07:52,Google Maps.
Frente al bloque 46,6.262673,-75.577286,Toma1,03/05/19,09:45,Mapa coordenadas
Frente al bloque 46,6.262654,-75.577322,Toma2,03/05/19,12:30,Mapa coordenadas
Frente al bloque 46,6.262731,-75.577511,Toma3,06/05/19,10:37,Mapa coordenadas
Frente al bloque 46,6.262521,-75.577263,Toma4,06/05/19,12:40,Mapa coordenadas
Frente al bloque 14,6.26133,-75.57642,Referencia 3,03/05/19,08:00,Google Maps.
Frente al bloque 14,6.261336,-75.576425,Toma1,03/05/19,09:57,Mapa coordenadas
Frente al bloque 14,6.261448,-75.576421,Toma2,03/05/19,12:35,Mapa coordenadas
Frente al bloque 14,6.261421,-75.576444,Toma3,06/05/19,10:45,Mapa coordenadas
Frente al bloque 14,6.261312,-75.576422,Toma4,06/05/19,12:45,Mapa coordenadas
