Lugar,Fecha ,Hora,Latitud ,Longuitud,App
Entrada Bloque 46,05-02-19,11:05,6.2625780000000004,-75.577473999999995,Mapa Coordenadas
Entrada Bloque 46,05-02-19,02:04,6.2625979999999997,-75.577506999999997,Mapa Coordenadas
Entrada Bloque 46,05-03-19,09:13,6.2625710000000003,-75.577483999999998,Mapa Coordenadas
Entrada Bloque 46,05-03-19,11:33,6.2629409999999996,-75.577163999999996,Mapa Coordenadas
Entrada Biblioteca,05-02-19,11:07,6.2615759999999998,-75.577781999999999,Mapa Coordenadas
Entrada Biblioteca,05-02-19,02:09,6.2616880000000004,-75.577770999999998,Mapa Coordenadas
Entrada Biblioteca,05-03-19,09:16,6.2616529999999999,-75.577914000000007,Mapa Coordenadas
Entrada Biblioteca,05-03-19,11:37,6.2616350000000001,-75.577887000000004,Mapa Coordenadas
"Residuos Electronicos, Bloque 19",05-02-19,11:10,6.2610599999999996,-75.577815000000001,Mapa Coordenadas
"Residuos Electronicos, Bloque 19",05-02-19,02:15,6.2608059999999996,-75.577744999999993,Mapa Coordenadas
"Residuos Electronicos, Bloque 19",05-03-19,09:21,6.2610450000000002,-75.577952999999994,Mapa Coordenadas
"Residuos Electronicos, Bloque 19",05-03-19,11:43,6.2610340000000004,-75.577776,Mapa Coordenadas
,,,,,
,,,,,
,,,,,
,,,,,
