Lugar,latitud,longitud,tipo,Fecha,Hora,App,,,,,
Fotocopiadora Bloque 21,6.2619189999999998,-75.576256000000001,Referencia 1,01/05/19,20:35,Google Maps.,,,,,Google Maps
Fotocopiadora Bloque 21,6.2620620000000002,-75.576194000000001,Toma 1,02/05/19,09:59,Map Coordinate,,,,,
Fotocopiadora Bloque 21,6.2620509999999996,-75.576167999999996,Toma 2,02/05/19,13:53,Map Coordinate,,,,,
Fotocopiadora Bloque 21,6.2620570000000004,-75.576173999999995,Toma 3,03/05/19,16:45,Map Coordinate,,,,,
Fotocopiadora Bloque 21,6.2621130000000003,-75.576216000000002,Toma 4,04/04/19,10:30,Map Coordinate,,,,,

Tronco al frente canchas de arena,6.2630080000000001,-755764797,Referencia 1,01/05/19,20:36,Google Maps.,,,,,
Tronco al frente canchas de arena,6.2631300000000003,-75.576171000000002,Toma 1,02/05/19,10:04,Map Coordinate,,,,,Map Coordenate
Tronco al frente canchas de arena,6.2633029999999996,-75.576893999999996,Toma 2,02/05/19,14:02,Map Coordinate,,,,,
Tronco al frente canchas de arena,6.262931,-75.576199000000003,Toma 3,03/05/19,16:35,Map Coordinate,,,,,
Tronco al frente canchas de arena,6.2634869999999996,-75.576642000000007,Toma 4,04/04/19,10:30,Map Coordinate,,,,,

Lugar escultura removida Bloque 25,6.2628803,-75.575834599999993,Referencia 1,01/05/19,20:32,Google Maps.,,,,,
Lugar escultura removida Bloque 25,6.2629840000000003,-75.575839999999999,Toma 1,02/05/19,10:11,Map Coordinate,,,,,
Lugar escultura removida Bloque 25,6.2629510000000002,-75.575882000000007,Toma 2,02/05/19,13:59,Map Coordinate,,,,,
Lugar escultura removida Bloque 25,6.2629599999999996,-75.575878000000003,Toma 3,03/05/19,16:39,Map Coordinate,,,,,
Lugar escultura removida Bloque 25,6.26302,-75.575788000000003,Toma 4,04/04/19,10:30,Map Coordinate,,,,,
