Lugar,latitud,longitud,tipo,Fecha,Hora,App
Entrada Biblioteca Efe Gómez,6.2616899999999998,-75.577741000000003,Referencia 1,01/05/19,17:40,Google Maps.
Entrada Biblioteca Efe Gómez,6.2615100000000004,-75.577620999999994,Toma 1,02/05/19,07:51,Mapa Coordenadas
Entrada Biblioteca Efe Gómez,6.261768,-75.577763000000004,Toma 2,02/05/19,10:00,Mapa Coordenadas
Entrada Biblioteca Efe Gómez,6.2615559999999997,-75.577618999999999,Toma 3,02/05/19,12:07,Mapa Coordenadas
Entrada Biblioteca Efe Gómez,6.2616009999999998,-75.577843000000001,Toma 4,03/05/19,17:52,Mapa Coordenadas
Esquina Sureste Bloque 46 (Hacia el Ágora),6.2624969999999998,-75.577321999999995,Referencia 1,01/05/19,17:40,Google Maps.
Esquina Sureste Bloque 46 (Hacia el Ágora),6.2625479999999998,-75.577364000000003,Toma 1,02/05/19,12:05,Mapa Coordenadas
Esquina Sureste Bloque 46 (Hacia el Ágora),6.2624829999999996,-75.576976000000002,Toma 2,02/05/19,10:02,Mapa Coordenadas
Esquina Sureste Bloque 46 (Hacia el Ágora),6.2624370000000003,-75.577297999999999,Toma 3,02/05/19,12:05,Mapa Coordenadas
Esquina Sureste Bloque 46 (Hacia el Ágora),6.2624500000000003,-75.577371999999997,Toma 4,03/05/19,13:51,Mapa Coordenadas
Entrada Bloque 16,6.2610849999999996,-75.577478999999997,Referencia 1,01/05/19,17:40,Google Maps.
Entrada Bloque 16,6.2611889999999999,-75.577483000000001,Toma 1,02/05/19,07:53,Mapa Coordenadas
Entrada Bloque 16,6.2612560000000004,-75.577440999999993,Toma 2,02/05/19,10:07,Mapa Coordenadas
Entrada Bloque 16,6.2612670000000001,-75.577577000000005,Toma 3,02/05/19,12:09,Mapa Coordenadas
Entrada Bloque 16,6.261196,-75.577506,Toma 4,03/05/19,17:46,Mapa Coordenadas
