Lugar,latitud,longitud,tipo,Fecha,Hora,App
Salida trasera coliseo,6.2653609000000001,-75.576619800000003,Referencia 1,06/05/19,15:50,Google Maps.
Salida trasera coliseo,6.2654300000000003,-75.576660000000004,Toma 1,06/05/19,15:51,Mis coordenadasGPS
Salida trasera coliseo,6.2654100000000001,-75.576729999999998,Toma 2,06/05/19,16:49,Mis coordenadasGPS
Salida trasera coliseo,6.2657800000000003,-75.576599999999999,Toma 3,06/05/19,17:03,Mis coordenadasGPS
"Escalas ""Piramide""",6.2654930000000002,-75.576978999999994,Referencia 1,06/05/19,15:57,Google Maps.
"Escalas ""Piramide""",6.2655000000000003,-75.577029999999993,Toma 1,05-06-19,15:59,Mis coordenadasGPS
"Escalas ""Piramide""",6.26553,-75.57705,Toma 2,05-06-19,16:47,Mis coordenadasGPS
"Escalas ""Piramide""",6.2655599999999998,-75.57705,Toma 3,05-06-19,17:06,Mis coordenadasGPS
Entrada Bloque 54,6.2640459999999996,-75.577916000000002,Referencia 1,05-06-19,16:03,Google Maps.
Entrada Bloque 54,6.2640799999999999,-75.577782999999997,Toma 1,05-06-19,16:15,Mis coordenadasGPS
Entrada Bloque 54,6.2640599999999997,-75.577785000000006,Toma 2,05-06-19,16:41,Mis coordenadasGPS
Entrada Bloque 54,6.2641,-7557779,Toma 3,05-06-19,17:10,Mis coordenadasGPS
