LUGAR,LATITUD,LONGITUD,TIPO,FECHA,HORA,APP
Curva en la glorieta por la porteria,6.260474,-75.578636,Referencia 1,05-02-19,07:13,Google Maps
Curva en la glorieta por la porteria,6.26052,-75.579073,Toma 1,05-02-19,11:36,Mi ubicación GPS
Curva en la glorieta por la porteria,6.26047,-75.57868,Toma 2,05-02-19,13:46,Mi ubicación GPS
Curva en la glorieta por la porteria,6.2604,-75.5789,Toma 3,05-03-19,16:00,Mi ubicación GPS
Curva en la glorieta por la porteria,6.26049,-75.57873,Toma 4,05-03-19,18:21,Mi ubicación GPS
Curva al lado del encicla,6.260152,-75.577074,Referencia 2,05-02-19,07:15,Google Maps
Curva al lado del encicla,6.2606,-75.57732,Toma 1,05-02-19,11:41,Mi ubicación GPS
Curva al lado del encicla,6.26075,-75.5774,Toma 2,05-02-19,13:49,Mi ubicación GPS
Curva al lado del encicla,6.260131,-75.57715,Toma 3,05-03-19,15:52,Mi ubicación GPS
Curva al lado del encicla,6.26027,-75.57722,Toma 4,05-03-19,18:26,Mi ubicación GPS
Curva al lado del bloque 42,6.261844,-75.578490,Referencia 3,05-02-19,07:17,Google Maps
Curva al lado del bloque 42,6.261713,-75.5782,Toma 1,05-02-19,11:46,Mi ubicación GPS
Curva al lado del bloque 42,6.26112,-75.57711,Toma 2,05-02-19,13:53,Mi ubicación GPS
Curva al lado del bloque 42,6.261981,-75.57837,Toma 3,05-03-19,16:05,Mi ubicación GPS
Curva al lado del bloque 42,6.26179,-75.57972,Toma 4,05-03-19,18:31,Mi ubicación GPS
