LUGAR,LATITUD,LONGITUD,TIPO,FECHA,HORA,APP
Entrada a la biblioteca efe gomez,6.261313,-75.577627000000007,Referencia 1,02/05/19,22:35,Google Maps.
Entrada a la biblioteca efe gomez,6.2612579999999998,-75.577743999999996,Toma 1,03/05/19,08:07,Mapa Coordenadas
Entrada a la biblioteca efe gomez,6.2613899999999996,-75.577720999999997,Toma 2,03/05/19,10:26,Mapa Coordenadas
Entrada a la biblioteca efe gomez,6.2613560000000001,-75.577663000000001,Toma 3,03/05/19,13:11,Mapa Coordenadas
Entrada a la biblioteca efe gomez,6.2611819999999998,-75.577725999999998,Toma 4,03/05/19,16:45,Mapa Coordenadas
,,,,,,
