lugar,latitud,longitud,tipo,fecha,hora,app
Glorieta cerca a cajero Bancolombia,6;260466,-75.578654,Referencia,05-01-19,13:35,Google Maps
Glorieta cerca a cajero Bancolombia,6;260436,-75.578632999999996,Toma 1 ,05-02-19,09:52,AndLocation
Glorieta cerca a cajero Bancolombia,6;260412,-75.578652000000005,Toma 2,05-02-19,13:11,AndLocation
Glorieta cerca a cajero Bancolombia,6;260444,-75.578666999999996,Toma 3,05-03-19,07:49,AndLocation
Glorieta cerca a cajero Bancolombia,6;260452,-75.578626,Toma 4,05-06-19,16:10,AndLocation
Biblioteca,6;261709,-75.578298000000004,Toma 1 ,05-02-19,10:02,AndLocation
Biblioteca,6;261822,-75.578322,Toma 2,05-02-19,13:30,AndLocation
Biblioteca,6;261608,-75.578479999999999,Toma 3,05-03-19,10:10,AndLocation
Bloque 46,6;262364,-75.577873999999994,toma 1,05-02-19,13:20,AndLocation
bloque 46,6;262412,-75.577567000000002,toma 2,05-03-19,10:22,AndLocation
bloque 47,6;26233,-75.577712000000005,toma 3,05-06-19,15:54,AndLocation
