LUGAR,LATITUD,LONGITUD,TIPO,FECHA ,HORA,APP
CAFETERIA CENTRAL BLOQUE 44,6.262247,-75.577181,REFERENCIA,05-06-19,0.90972222222222221,GOOGLE MAPS
CAFETERIA CENTRAL BLOQUE 44,6.262223,-75.577176,TOMA 1,05-03-19,0.41944444444444445,MAPA COORDENADAS
CAFETERIA CENTRAL BLOQUE 44,6.26221,-75.577152,TOMA 2,05-03-19,0.50347222222222221,MAPA COORDENADAS
CAFETERIA CENTRAL BLOQUE 44,6.26223,-75.57718,TOMA 3,05-04-19,0.625,MAPA COORDENADAS
CAFETERIA CENTRAL BLOQUE 44,6.262214,-75.577145,TOMA 4,05-06-19,0.77083333333333337,MAPA COORDENADAS
BIBLIOTECA EFE GOMEZ,6.261668,-75.578007,REFERENCIA,05-06-19,0.90972222222222221,GOOGLE MAPS 
BIBLIOTECA EFE GOMEZ,6.261696,-75.578014,TOMA 1,05-03-19,0.41944444444444445,MAPA COORDENADAS
BIBLIOTECA EFE GOMEZ,6.261653,-75.578038,TOMA 2,05-03-19,0.58680555555555558,MAPA COORDENADAS
BIBLIOTECA EFE GOMEZ,6.261675,-75.578026,TOMA 3,05-04-19,0.625,MAPA COORDENADAS
BIBLIOTECA EFE GOMEZ,6.261698,-75.578043,TOMA 4,05-06-19,0.77083333333333337,MAPA COORDENADAS
LIBRERÍA UNIVERSIDAD NACIONAL,6.261078,-75.577790,REFERENCIA,05-06-19,0.90972222222222221,GOOGLE MAPS
LIBRERÍA UNIVERSIDAD NACIONAL,6.261118,-75.577784,TOMA 1,05-03-19,0.41944444444444445,MAPA COORDENADAS
LIBRERÍA UNIVERSIDAD NACIONAL,6.261119,-75.577802,TOMA 2,05-03-19,12:05,MAPA COORDENADAS
LIBRERÍA UNIVERSIDAD NACIONAL,6.261096,-75.577775,TOMA 3,05-04-19,0.625,MAPA COORDENADAS
LIBRERÍA UNIVERSIDAD NACIONAL,6.261113,-75.577783,TOMA 4 ,05-06-18,0.77083333333333337,MAPA COORDENADAS

BIBLIOTECA EFE GOMEZ,,,,,,



















CAFETERIA CENTRAL BLOQUE 44,,,,,,




















LIBRERÍA UNIVERSIDAD NACIONAL,,,,,,
