Lugar,latitud,longitud,tipo,Fecha,Hora,App
Cancha multiple de arena,6.2627769999999998,-75.576387999999994,Referencia,30/04/19,20:24,Google Earth.
Cancha multiple de arena,6.2637450000000001,-75.576595999999995,Toma 1,02/05/19,10:15,Mapa Coordenadas
Cancha multiple de arena,6.263801,-75.577709999999996,Toma 2,02/05/19,12:24,Mapa Coordenadas
Cancha multiple de arena,6.2629979999999996,-75.577093000000005,Toma 3,02/05/19,14:39,Mapa Coordenadas
Cancha multiple de arena,6.2631199999999998,-75.575965999999994,Toma 4,02/05/19,16:51,Mapa Coordenadas
Estación de buses para minas,6.26,-75.576666000000003,Referencia,04-30-19,20:25,Google Earth.
Estación de buses para minas,6.2605550000000001,-75.576938999999996,Toma 1,02/05/19,10:18,Mapa Coordenadas
Estación de buses para minas,6.2612319999999997,-75.576651999999996,Toma 2,02/05/19,12:32,Mapa Coordenadas
Estación de buses para minas,6.2602000000000002,-75.577599000000006,Toma 3,02/05/19,14:45,Mapa Coordenadas
Estación de buses para minas,6.2617770000000004,-75.576662999999996,Toma 4,02/05/19,16:55,Mapa Coordenadas
Cajero bancolombia,6.2602770000000003,-75.578055000000006,Referencia,04-30-19,20:27,Google Earth.
Cajero bancolombia,6.2609659999999998,-75.578663000000006,Toma 1,02/05/19,10:19,Mapa Coordenadas
Cajero bancolombia,6.2615499999999997,-75.578937999999994,Toma 2,02/05/19,12:34,Mapa Coordenadas
Cajero bancolombia,6.2609959999999996,-75.577526000000006,Toma 3,02/05/19,14:48,Mapa Coordenadas
Cajero bancolombia,6.2607710000000001,-75.578276000000002,Toma 4,02/05/19,16:58,Mapa Coordenadas
,,,,,,
