Lugar,Latitud,Longitud,Tipo,Fecha,Hora,App
Telefono publico del bloque 16,6.2613099999999999,-75.577651000000003,Referencia 1,05-02-19,16:09,Google Maps
Telefono publico del bloque 16,6.2612379999999996,-75.577490,Toma 1,05-03-19,10:13,Coordenadas de mi GPS
Telefono publico del bloque 16,6.2612240000000003,-75.577481000000006,Toma 2,05-03-19,13:27,Coordenadas de mi GPS
Telefono publico del bloque 16,6.2612120000000004,-75.577436000000006,Toma 3,05-06-19,07:28,Coordenadas de mi GPS
Telefono publico del bloque 16,6.2612189999999996,-75.577455,Toma 4,05-06-19,14:41,Coordenadas de mi GPS
Telefono publico del coliseo,6.264700,-75.576882999999995,Referencia 1,05-02-19,16:14,Google Maps
Telefono publico del coliseo,6.2648159999999997,-75.576868000000005,Toma 1,05-03-19,10:24,Coordenadas de mi GPS
Telefono publico del coliseo,6.2648039999999998,-75.576866999999993,Toma 2,05-03-19,13:57,Coordenadas de mi GPS
Telefono publico del coliseo,6.2648029999999997,-75.576866999999993,Toma 3,05-06-19,06:11,Coordenadas de mi GPS
Telefono publico del coliseo,6.2648020000000004,-75.576865999999995,Toma 4,05-06-19,14:27,Coordenadas de mi GPS
Paradero bus intercampus,6.2601779999999998,-75.576971,Referencia 1,05-02-19,16:18,Google Maps
Paradero bus intercampus,6.2602019999999996,-75.577034999999995,Toma 1,05-03-19,10:02,Coordenadas de mi GPS
Paradero bus intercampus,6.2601719999999998,-75.577040,Toma 2,05-03-19,13:42,Coordenadas de mi GPS
Paradero bus intercampus,6.2601789999999999,-75.577040,Toma 3,05-06-19,06:03,Coordenadas de mi GPS
Paradero bus intercampus,6.2601829999999996,-75.577043000000003,Toma 4,05-06-19,17:33,Coordenadas de mi GPS
