Lugar,latitud,longitud,tipo,Fecha,Hora,App,,,,,,,,
Esquina Ágora Cerca al bloque 41,6.2618929999999997,-75.577081000000007,Referencia 1,05-02-19,11:16,Google Maps.,,,,,,,,
,6.2618479999999996,-75.576857000000004,Toma 1,05-02-19,14:04,Mapa Coordenadas,,,,,,,,
,6.2618840000000002,-75.577078,Toma 2,05-03-19,09:40,Mapa Coordenadas,,,,,,,,
,6.2618010000000002,-75.576801000000003,Toma 3,05-03-19,11:56,Mapa Coordenadas,,,,,,,,
,6.2618689999999999,-75.576981000000004,Toma 4,05-03-19,15:06,Mapa Coordenadas,,,,,,,,
Parqueaderoa detrás de la cafetería Juguitos,6.262117,-75.577624999999998,Referencia 2,05-02-19,11:16,Google Maps.,,,,,,,,
,6.262073,-75.577628000000004,Toma 1,05-02-19,14:06,Mapa Coordenadas,,,,,,,,
,6.2619319999999998,-75.577188000000007,Toma 2,05-03-19,09:42,Mapa Coordenadas,,,,,,,,
,6.2621500000000001,-75.577551999999997,Toma 3,05-03-19,11:53,Mapa Coordenadas,,,,,,,,
,6.2622229999999997,-75.577495999999996,Toma 4,05-03-19,15:08,Mapa Coordenadas,,,,,,,,
Cebra peatonal detrás de la biblioteca,6.2615049999999997,-75.578292000000005,Referencia 3,05-02-19,11:16,Google Maps.,,,,,,,,
,6.2616630000000004,-75.578218000000007,Toma 1,05-02-19,14:12,Mapa Coordenadas,,,,,,,,
,6.2616649999999998,-75.578433000000004,Toma 2,05-03-19,09:45,Mapa Coordenadas,,,,,,,,
,6.2616189999999996,-75.578052,Toma 3,05-03-19,11:52,Mapa Coordenadas,,,,,,,,
,6.2615670000000003,-75.578243999999998,Toma 4,05-03-19,15:10,Mapa Coordenadas,,,,,,,,




Esquina Ágora Cerca al bloque 41,,,,,,,,,,,,,,



















Parqueaderoa detrás de la cafetería Juguitos,,,,,,,,,,,,,,

















Cebra peatonal detrás de la biblioteca,,,,,,,,,,,,,,
