Lugar,Latitud,Longitud,Tipo,Fecha,Hora,App
Entrada Coliseo Unalmed,6.2647890000000004,-75.576829000000004,Referencia 1,05-01-19,19:24,Google Maps
Entrada Coliseo Unalmed,6.2646090000000001,-75.576899999999995,Toma 1,05-02-19,11:27,Mapa Coordenadas
Entrada Coliseo Unalmed,6.2650220000000001,-75.576791,Toma 2,05-02-19,15:42,Mapa Coordenadas
Entrada Coliseo Unalmed,6.2650560000000004,-75.576845000000006,Toma 3,05-03-19,13:46,Mapa Coordenadas
Entrada Coliseo Unalmed,6.264875,-75.576795000000004,Toma 4,05-03-19,17:39,Mapa Coordenadas

Esquina cancha futbol detrás de la biblioteca,6.2616350000000001,-75.578412,Referencia 2,05-01-19,19:26,Google Maps
Esquina cancha futbol detrás de la biblioteca,6.2616870000000002,-75.578333999999998,Toma 1,05-02-19,11:13,Mapa Coordenadas
Esquina cancha futbol detrás de la biblioteca,6.2615970000000001,-75.578361000000001,Toma 2,05-02-19,15:48,Mapa Coordenadas
Esquina cancha futbol detrás de la biblioteca,6.2617079999999996,-75.578301999999994,Toma 3,05-03-19,13:52,Mapa Coordenadas
Esquina cancha futbol detrás de la biblioteca,6.2617120000000002,-75.578286000000006,Toma 4,05-03-19,17:50,Mapa Coordenadas

Cruce de vía frente al bloque 14,6.2612579999999998,-75.576672000000002,Referencia 3,05-01-19,19:33,Google Maps
Cruce de vía frente al bloque 14,6.2611829999999999,-75.576739000000003,Toma 1,05-02-19,11:20,Mapa Coordenadas
Cruce de vía frente al bloque 14,6.2613050000000001,-75.576554999999999,Toma 2,05-02-19,15:56,Mapa Coordenadas
Cruce de vía frente al bloque 14,6.2613630000000002,-75.576358999999997,Toma 3,05-03-19,13:41,Mapa Coordenadas
Cruce de vía frente al bloque 14,6.261317,-75.576409999999996,Toma 4,05-03-19,17:44,Mapa Coordenadas
