Lugar,latitud,longitud,tipo,Fecha,Hora,App
Al frente del tablero del baño de mujeres de la biblioteca,6.2614559999999999,-75.577680999999998,Referencia 1,05-03-19,14:02,Google Maps
Al frente del tablero del baño de mujeres de la biblioteca,6.2615100000000004,-75.577650000000006,Toma 1,04-30-19,12:05,Mi ubicación GPS
Al frente del tablero del baño de mujeres de la biblioteca,6.2615699999999999,-75.577619999999996,Toma 2,04-30-19,14:51,Mi ubicación GPS
Al frente del tablero del baño de mujeres de la biblioteca,6.2615800000000004,-75.577569999999994,Toma 3,05-02-19,08:56,Mi ubicación GPS
Al frente del tablero del baño de mujeres de la biblioteca,6.2614900000000002,-75.577529999999996,Toma 4,05-02-19,11:39,Mi ubicación GPS
"Glorieta del volar, al frente de las banderas",6.2607160000000004,-75.578496000000001,Referencia 1,05-03-19,13:11,Google Maps
"Glorieta del volar, al frente de las banderas",6.2607699999999999,-75.578440000000001,Toma 1,04-30-19,12:53,Mi ubicación GPS
"Glorieta del volar, al frente de las banderas",6.2607299999999997,-75.578450000000004,Toma 2,04-30-19,15:38,Mi ubicación GPS
"Glorieta del volar, al frente de las banderas",6.2607900000000001,-75.578460000000007,Toma 3,05-02-19,08:47,Mi ubicación GPS
"Glorieta del volar, al frente de las banderas",6.2606799999999998,-75.578509999999994,Toma 4,05-02-19,17:47,Mi ubicación GPS
Camino hacia la entra del bloque 11 por el parqueadero,6.2608930000000003,-75.576224999999994,Referencia 1,05-03-19,12:45,Google Maps
Camino hacia la entra del bloque 11 por el parqueadero,6.2608600000000001,-75.572130000000001,Toma 1,04-30-19,13:08,Mi ubicación GPS
Camino hacia la entra del bloque 11 por el parqueadero,6.2608800000000002,-75.572320000000005,Toma 2,04-30-19,15:11,Mi ubicación GPS
Camino hacia la entra del bloque 11 por el parqueadero,6.2608499999999996,-75.57217,Toma 3,05-02-19,09:02,Mi ubicación GPS
Camino hacia la entra del bloque 11 por el parqueadero,6.26084,-75.57208,Toma 4,05-02-19,11:10,Mi ubicación GPS
