Lugar,Latitud,Longitud,Tipo,Fecha,Hora,App,,
Librería,6.2611559999999997,-75.577804999999998,Referencia,05-06-19,08:14,Google Maps,,
Librería,6.2611910000000002,-75.577841000000006,Muestra 1,05-06-19,10:42,Mapa Coordenadas ,,
Librería,6.2611049999999997,-75.577858000000006,Muestra 2,05-06-19,01:02,Mapa Coordenadas ,,
Librería,6.2611670000000004,-75.577811999999994,Muestra 3 ,05-06-19,03:50,Mapa Coordenadas ,,
Librería,6.2611819999999998,-75.577895999999996,Muestra 4,05-06-19,06:00,Mapa Coordenadas ,,


















Entrada bloque 16,6.2609570000000003,-75.577526000000006,Rereferencia,05-06-19,08:10,Google Maps,,
Entrada bloque 16,6.2609110000000001,-75.577575999999993,Muestra 1,05-06-19,10:15,Mapa Coordenadas ,,
Entrada bloque 16,6.2609760000000003,-75.577541999999994,Muestra 2 ,05-06-19,12:20,Mapa Coordenadas ,,
Entrada bloque 16,6.2609089999999998,-75.577540999999997,Muestra 3 ,05-06-19,02:40,Mapa Coordenadas ,,
Entrada bloque 16,6.2609139999999996,-75.577522999999999,Muestra 4,05-06-19,05:10,Mapa Coordenadas ,,







,,,,,,,,










Biblioteca Efe Gómez,6.261720,-75.578024999999997,Referencia,05-06-19,08:00,Google Maps,,
Biblioteca Efe Gómez,6.2618710000000002,-75.578018999999998,Muestra 1,05-06-19,10:06,Mapa Coordenadas ,,
Biblioteca Efe Gómez,6.2612230000000002,-75.578089000000006,Muestra 2 ,05-06-19,12:15,Mapa Coordenadas ,,
Biblioteca Efe Gómez,6.2618590000000003,-75.578035,Muestra 3 ,05-06-19,02:30,Mapa Coordenadas ,,
Biblioteca Efe Gómez,6.2618729999999996,-75.578047999999995,Muestra 4,05-06-19,05:00,Mapa Coordenadas ,,
