Lugar,Latitud,Longitud,Tipo,Fecha,Hora,App
Rotonda cerca a la salida de la 65,6.260664,-75.578388,Referencia 1,02/05/19,22:32,Google Maps
Rotonda cerca a la salida de la 65,6.260589,-75.57826999,Toma 1,03/05/19,08:11,Mapa Coordenadas
Rotonda cerca a la salida de la 65,6.260726,-75.57826302,Toma 2,03/05/19,12:46,Mapa Coordenadas
Rotonda cerca a la salida de la 65,6.260649,-75.57826399,Toma 3,03/05/19,15:03,Mapa Coordenadas
Rotonda cerca a la salida de la 65,6.260616,-75.578262,Toma 4,03/05/19,17:20,Mapa Coordenadas
,,,,,,

Sendero entre el ágora y el 21,6.261981,-75.576735,Referencia 1,02/05/19,22:33,Google Maps
Sendero entre el ágora y el 21,6.2620839,-75.5767609,Toma 1,03/05/19,08:17,Mapa Coordenadas
Sendero entre el ágora y el 21,6.262356,-75.576712,Toma 2,03/05/19,12:49,Mapa Coordenadas
Sendero entre el ágora y el 21,6.261899,-75.576274,Toma 3,03/05/19,15:10,Mapa Coordenadas
Sendero entre el ágora y el 21,6.262266,-75.576692,Toma 4,03/05/19,17:23,Mapa Coordenadas
,,,,,,

"Sillas al lado de juguitos, detrás de la biblioteca",6.262012,-75.577958,Referencia 1,02/05/19,22:32,Google Maps
"Sillas al lado de juguitos, detrás de la biblioteca",6.261708,-75.577995,Toma 1,03/05/19,08:21,Mapa Coordenadas
"Sillas al lado de juguitos, detrás de la biblioteca",6.261776,-75.577703,Toma 2,03/05/19,12:39,Mapa Coordenadas
"Sillas al lado de juguitos, detrás de la biblioteca",6.261708,-75.577995,Toma 3,03/05/19,15:13,Mapa Coordenadas
"Sillas al lado de juguitos, detrás de la biblioteca",6.2617053,-75.577953,Toma 4,03/05/19,17:15,Mapa Coordenadas
