Lugar,latitud,longitud,tipo,Fecha,Hora,App,
cruce peatonal 46,6.2623420000000003,-75.577438000000001,Referencia ,02/05/19,11:10,Google Maps,
cruce peatonal 46,6.2625120000000001,-75.577635999999998,Toma 1,02/05/19,14:00,Mapa Coordenadas,
cruce peatonal 46,6.2623449999999998,-75.577342999999999,Toma 2,03/05/19,07:53,Mapa Coordenadas,
cruce peatonal 46,6.2624649999999997,-75.577545000000001,Toma 3,03/05/19,10:08,Mapa Coordenadas,
cruce peatonal 46,6.2622419999999996,-75.577431000000004,Toma 4,03/05/19,12:17,Mapa Coordenadas,
paso peatonal agora,6.262062,-75.577044000000001,Referencia ,02/05/19,11:20,Google Maps,
paso peatonal agora,6.2622489999999997,-75.577036000000007,Toma 1,02/05/19,14:03,Mapa Coordenadas,
paso peatonal agora,6.2622460000000002,-75.577036000000007,Toma 2,03/05/19,08:01,Mapa Coordenadas,
paso peatonal agora,6.2622749999999998,-75.577003000000005,Toma 3,03/05/19,10:05,Mapa Coordenadas,
paso peatonal agora,6.2622749999999998,-75.577011999999996,Toma 4,03/05/19,12:14,Mapa Coordenadas,
cebra peatonal juguitos,6.261732,-75.578220000000002,Referencia ,02/05/19,11:25,Google Maps,
cebra peatonal juguitos,6.2617250000000002,-75.578153999999998,Toma 1,02/05/19,14:10,Mapa Coordenadas,
cebra peatonal juguitos,6.2618130000000001,-75.578867000000002,Toma 2,03/05/19,07:51,Mapa Coordenadas,
cebra peatonal juguitos,6.2617880000000001,-75.578028000000003,Toma 3,03/05/19,10:13,Mapa Coordenadas,
cebra peatonal juguitos,6.2618549999999997,-75.578345999999996,Toma 4,03/05/19,12:25,Mapa Coordenadas,
