Lugar,Latitud,Longitud,Tipo,Fecha,Hora,App
Triangulo del coliseo,6.1553020800000002,75.343702359999995,Toma 1 ,05-03-19,12:26,Mapa coordenadas
Triangulo del coliseo,6.1552952400000001,75.343470523999997,Toma 2,05-03-19,16:35,Mapa coordenadas
Triangulo del coliseo,6.1553063999999997,75.343704880000004,Toma 3,05-04-19,08:28:00.,Mapa coordenadas
Triangulo del coliseo,6.1552988400000004,75.343703079999997,Toma 4,05-04-19,12:25,Mapa coordenadas
,,,,,,
Cafeteria Donde Lucho,6.1545028799999999,75.343590039999995,Toma 1 ,05-03-19,12:34,Mapa coordenadas
Cafeteria Donde Lucho,6.15449964,75.343591840000002,Toma 2,05-03-19,16:32,Mapa coordenadas
Cafeteria Donde Lucho,6.1544949600000001,75.343591480000001,Toma 3,05-04-19,08:20:00.,Mapa coordenadas
Cafeteria Donde Lucho,6.1545025200000003,75.343589320000007,Toma 4,05-04-19,12:19,Mapa coordenadas
,,,,,,
Portería coca-cola,6.1550345999999996,75.343068040000006,Toma 1 ,05-03-19,12:40,Mapa coordenadas
Portería coca-cola,6.1550320799999998,75.343071280000004,Toma 2,05-03-19,16:37,Mapa coordenadas
Portería coca-cola,6.1550327999999999,75.343066960000002,Toma 3,05-04-19,08:32:00.,Mapa coordenadas
Portería coca-cola,6.15503964,75.3430702,Toma 4,05-04-19,12:31,Mapa coordenadas
