Lugar,latitud,longitud,tipo,Fecha,Hora,App
Entrada de la Biblioteca ,6.2616399999999999,-75.577640000000002,Referencia 1,05/05/19,17:45,Google Maps
Entrada de la Biblioteca ,6.2616500000000004,-75.576400000000007,Toma 1,04-30-19,11:31,Mapas 
Entrada de la Biblioteca ,6.2616399999999999,-75.576499999999996,Toma 2,30/04/19,14:03,Mapas 
Entrada de la Biblioteca ,6.2617099999999999,-75.577699999999993,Toma 3,03/05/19,10:46,Mapas 
Entrada de la Biblioteca ,6.26173,-75.577600000000004,Toma 4,03/05/19,15:49,Mapas 
,,,,,,
Entrada del bloque 50,6.2618999999999998,-75.579130000000006,Referencia 2,05-05-19,17:47,Google Maps
Entrada del bloque 50,6.2618,-75.5792,Toma 1,04-30-19,11:48,Mapas
Entrada del bloque 50,6.2618,-75.578900000000004,Toma 2,04-30-19,14:15,Mapas
Entrada del bloque 50,6.2618999999999998,-75.579400000000007,Toma 3,05-03-19,10:50,Mapas
Entrada del bloque 50,6.2618,-75.579099999999997,Toma 4,05-03-19,15:56,Mapas

Al frente del bloque 21,6.2618799999999997,-75.576279999999997,Referencia 3,05-05-19,17:44,Google Maps
Al frente del bloque 21,6.2621000000000002,-75.576300000000003,Toma 1,04-30-19,11:59,Mapas
Al frente del bloque 21,6.2618999999999998,-75.5762,Toma 2,04-30-19,14:29,Mapas
Al frente del bloque 21,6.2618999999999998,-75.576499999999996,Toma 3,05-03-19,10:56,Mapas
Al frente del bloque 21,6.2621000000000002,-75.576599999999999,Toma 4,05-03-19,16:02,Mapas
