





,,,,,,,,,,,,,,,Lugar,latitud,longitud,tipo,Fecha,Hora,App,,,,,,,,,,,,,,,
,,,,,,,,,,,,,,,Cajero Bancolombia-Minas,6.2744549999999997,-75.592241000000001,Referencia 1,03/05/19,12:37,Google Maps.,,,,,,,,,,,,,,,
,,,,,,,,,,,,,,,Cajero Bancolombia-Minas,6.2744660000000003,-75.592180999999997,Toma 1,03/05/19,15:00,Mapa Coordenadas,,,,,,,,,,,,,,,
,,,,,,,,,,,,,,,Cajero Bancolombia-Minas,6.2745709999999999,-75.592016999999998,Toma 2,03/05/19,17:20,Mapa Coordenadas,,,,,,,,,,,,,,,
,,,,,,,,,,,,,,,Cajero Bancolombia-Minas,6.2744819999999999,-75.592191999999997,Toma 3,06/05/19,08:05,Mapa Coordenadas,,,,,,,,,,,,,,,
,,,,,,,,,,,,,,,Cajero Bancolombia-Minas,6.274457,-75.592324000000005,Toma 4,06/05/19,10:55,Mapa Coordenadas,,,,,,,,,,,,,,,















,,,,,,,,,,,,,,,Lugar,latitud,longitud,tipo,Fecha,Hora,App,,,,,,,,,,,,,,,
,,,,,,,,,,,,,,,Cafeteria UNAL- Minas,6.2743289999999998,-75.591710000000006,Referencia 1,03/05/19,07:30,Google Maps.,,,,,,,,,,,,,,,
,,,,,,,,,,,,,,,Cafeteria UNAL- Minas,6.2743349999999998,-75.591656,Toma 1,03/05/19,12:37,Mapa Coordenadas,,,,,,,,,,,,,,,
,,,,,,,,,,,,,,,Cafeteria UNAL- Minas,6.2733449999999999,-75.597964000000005,Toma 2,03/05/19,14:54,Mapa Coordenadas,,,,,,,,,,,,,,,
,,,,,,,,,,,,,,,Cafeteria UNAL- Minas,6.2744369999999998,-75.591645999999997,Toma 3,06/05/19,07:05,Mapa Coordenadas,,,,,,,,,,,,,,,
,,,,,,,,,,,,,,,Cafeteria UNAL- Minas,6.2743630000000001,-75.591311000000005,Toma 4,06/05/19,09:55,Mapa Coordenadas,,,,,,,,,,,,,,,





















,,,,,,,,,,,,,,,Lugar,latitud,longitud,tipo,Fecha,Hora,App,,,,,,,,,,,,,,,
,,,,,,,,,,,,,,,Biblioteca facultad de minas,6.2751900000000003,-75.591145999999995,Referencia 1,03/05/19,07:11,Google Maps.,,,,,,,,,,,,,,,
,,,,,,,,,,,,,,,Biblioteca facultad de minas,6.2751390000000002,-75.591138000000001,Toma 1,03/05/19,12:37,Mapa Coordenadas,,,,,,,,,,,,,,,
,,,,,,,,,,,,,,,Biblioteca facultad de minas,6.2734540000000001,-75.597954000000001,Toma 2,03/05/19,14:30,Mapa Coordenadas,,,,,,,,,,,,,,,
,,,,,,,,,,,,,,,Biblioteca facultad de minas,6.2752869999999996,-75.591221000000004,Toma 3,06/05/19,07:05,Mapa Coordenadas,,,,,,,,,,,,,,,
,,,,,,,,,,,,,,,Biblioteca facultad de minas,6.2751910000000004,-75.591148000000004,Toma 4,06/05/19,10:35,Mapa Coordenadas,,,,,,,,,,,,,,,
