REFERENCIAS,,,,,,
Lugar,Latitud,Longitud,Tipo,Fecha,Hora,App
Volador Costado Norte Glorieta entrada autos,6.2607270000000002,-75.578480999999996,Referencia 1,05-01-19,0.46666666666666662,google.com/maps
Volador Paso peatonal de curva al frente del bloque 50 (Sur),6.2619660000000001,-75.579029000000006,Referencia 2,05-01-19,0.46875,google.com/maps
Río Curva autos al frente del bloque 3 (Noreste),6.2635899999999998,-75.574265999999994,Referencia 3,05-01-19,0.4694444444444445,google.com/maps
,,,,,,
Lugar,Latitud,Longitud,Tipo,Fecha,Hora,App
Volador Costado Norte Glorieta entrada autos,6.260726,-75.578479999999999,Toma 1,05-01-19,0.65972222222222221,Google Maps Mobile App
Volador Costado Norte Glorieta entrada autos,6.2607229999999996,-75.578480999999996,Toma 4,05-03-19,0.4916666666666667,Google Maps Mobile App
Volador Costado Norte Glorieta entrada autos,6.2607239999999997,-75.578483000000006,Toma 7,05-03-19,0.6777777777777777,Google Maps Mobile App
Volador Costado Norte Glorieta entrada autos,6.2607200000000001,-75.578489000000005,Toma 10,05-05-19,0.60555555555555551,Google Maps Mobile App
Volador Paso peatonal de curva al frente del bloque 50 (Sur),6.2619660000000001,-75.579030000000003,Toma 2,05-01-19,0.66805555555555562,Google Maps Mobile App
Volador Paso peatonal de curva al frente del bloque 50 (Sur),6.2619680000000004,-75.579029000000006,Toma 5,05-03-19,0.49791666666666662,Google Maps Mobile App
Volador Paso peatonal de curva al frente del bloque 50 (Sur),6.2619689999999997,-75.579031000000001,Toma 8,05-03-19,0.6875,Google Maps Mobile App
Volador Paso peatonal de curva al frente del bloque 50 (Sur),6.2619749999999996,-75.579038999999995,Toma 11,05-05-19,0.60902777777777783,Google Maps Mobile App
Río Curva autos al frente del bloque 3 (Noreste),6.2635829999999997,-75.574267000000006,Toma 3,05-01-19,0.68055555555555547,Google Maps Mobile App
Río Curva autos al frente del bloque 3 (Noreste),6.2635860000000001,-75.574264999999997,Toma 6,05-03-19,0.51041666666666663,Google Maps Mobile App
Río Curva autos al frente del bloque 3 (Noreste),6.2635870000000002,-75.574273000000005,Toma 9,05-03-19,0.70277777777777783,Google Maps Mobile App
Río Curva autos al frente del bloque 3 (Noreste),6.2635769999999997,-75.574268000000004,Toma 12,05-05-19,0.61597222222222225,Google Maps Mobile App
