Lugar,Latitud,Longitud,Tipo,Fecha,Hora,App
Entrada del 16,6.261012,-75.577868,Referencia 1,05-01-19,19:07,Google Maps
Entrada del 16,6.260939,-75.577823,Toma 1,05-02-19,13:40,Mapa Coordenadas
Entrada del 16,6.2609950000000003,-75.577906999999996,Toma 2,05-03-19,12:55,Mapa Coordenadas
Entrada del 16,6.261015,-75.577856,Toma 3,05-04-19,10:35,Mapa Coordenadas
Entrada del 16,6.261020,-75.577889,Toma 4,05-04-19,13:02,Mapa Coordenadas

Cartel UN Juguitos,6.262161,-75.578110,Referencia 2,05-01-19,19:10,Google Maps
Cartel UN Juguitos,6.262041,-75.578004,Toma 1,05-02-19,13:45,Mapa Coordenadas
Cartel UN Juguitos,6.2621589999999996,-75.578116,Toma 2,05-03-19,16:01,Mapa Coordenadas
Cartel UN Juguitos,6.2621479999999998,-75.578154,Toma 3,05-04-19,10:40,Mapa Coordenadas
Cartel UN Juguitos,6.2621729999999998,-75.578175,Toma 4,05-04-19,13:07,Mapa Coordenadas

Entrada del polideportivo,6.264742,-75.576826,Referencia 3,05-01-19,19:14,Google Maps
Entrada del polideportivo,6.264764,-75.576819,Toma 1,05-02-19,13:53,Mapa Coordenadas
Entrada del polideportivo,6.264721,-75.576792,Toma 2,05-03-19,16:10,Mapa Coordenadas
Entrada del polideportivo,6.264737,-75.576814,Toma 3,05-04-19,10:48,Mapa Coordenadas
Entrada del polideportivo,6.264715,-75.576835,Toma 4,05-04-19,13:15,Mapa Coordenadas
