Lugar,Latitud,Longitud,Tipo,Fecha,Hora,App
Papelería bloque 25,6.2629440000000001,-75.576111999999995,Rereferencia,05-03-19,09:07,Google Maps
Papelería bloque 25,6.262912,-75.576184999999995,Muestra 1,05-03-19,11:05,Coordenadas GPS
Papelería bloque 25,6.2629979999999996,-75.576147000000006,Muestra 2 ,05-04-19,09:07,Coordenadas GPS
Papelería bloque 25,6.2629359999999998,-75.576125000000005,Muestra 3 ,05-06-19,09:40,Coordenadas GPS
Papelería bloque 25,6.2629890000000001,-75.576121000000001,Muestra 4,05-06-19,18:05,Coordenadas GPS

















Teléfono público cerca al bloque 46,6.2625820000000001,-75.577375000000004,Referencia,05-03-19,08:52,Google Maps
Teléfono público cerca al bloque 46,6.2625929999999999,-75.577312000000006,Muestra 1,05-03-19,11:00,Coordenadas GPS
Teléfono público cerca al bloque 46,6.262543,-75.577398000000002,Muestra 2,05-04-19,09:00,Coordenadas GPS
Teléfono público cerca al bloque 46,6.262570,-75.577345,Muestra 3 ,05-06-19,09:30,Coordenadas GPS
Teléfono público cerca al bloque 46,6.262502,-75.577350999999993,Muestra 4,05-06-19,18:00,Coordenadas GPS
,,,,,,
,,,,,,
,,,,,,
,,,,,,
,,,,,,
,,,,,,
,,,,,,
,,,,,,
,,,,,,
,,,,,,
,,,,,,
,,,,,,
,,,,,,
,,,,,,
,,,,,,
Teléfono público coliseo,6.264837,-75.576868000000005,Referencia,05-03-19,09:13,Google Maps
Teléfono público coliseo,6.2648390000000003,-75.576817000000005,Muestra 1,05-03-19,11:10,Coordenadas GPS
Teléfono público coliseo,6.2648789999999996,-75.576890,Muestra 2 ,05-04-19,09:15,Coordenadas GPS
Teléfono público coliseo,6.264875,-75.576850,Muestra 3 ,05-06-19,09:45,Coordenadas GPS
Teléfono público coliseo,6.2648320000000002,-75.576804999999993,Muestra 4,05-06-19,18:09,Coordenadas GPS
