Lugar,latitud,longitud,tipo,Fecha,Hora,App
Escalas de la biblioteca Efe Gómez,6.2615920000000003,-75.577715999999995,Referencia 1,04/05/19,20:00,Google Maps
Escalas de la biblioteca Efe Gómez,6.2615109999999996,-75.577781000000002,Toma 1,02/05/19,12:12,AndLocation
Escalas de la biblioteca Efe Gómez,6.2614029999999996,-75.577574999999996,Toma 2,02/05/19,16:04,AndLocation
Escalas de la biblioteca Efe Gómez,6.2615660000000002,-75.577723000000006,Toma 3,03/05/19,15:28,AndLocation
Escalas de la biblioteca Efe Gómez,6.2615959999999999,-75.577669999999998,Toma 4,05/05/19,11:13,AndLocation

Facultad de Agronomía,6.2614320000000001,-75.577395999999993,Referencia 2,04/05/19,20:11,Google Maps
Facultad de Agronomía,6.261501,-75.577323000000007,Toma 1,02/05/19,12:16,AndLocation
Facultad de Agronomía,6.2615319999999999,-75.577370999999999,Toma 2,02/05/19,16:03,AndLocation
Facultad de Agronomía,6.2614960000000002,-75.57732,Toma 3,03/05/19,15:31,AndLocation
Facultad de Agronomía,6.261501,-75.577323000000007,Toma 4,05/05/19,11:18,AndLocation

Escalas bloque 14,6.2611359999999996,-75.576241999999993,Referencia 3,04/05/19,20:21,Google Maps
Escalas bloque 14,6.2613399999999997,-75.576397999999998,Toma 1,02/05/19,12:18,AndLocation
Escalas bloque 14,6.2613029999999998,-75.576699000000005,Toma 2,02/05/19,16:01,AndLocation
Escalas bloque 14,6.2612959999999998,-75.576409999999996,Toma 3,03/05/19,15:35,AndLocation
Escalas bloque 14,6.2612819999999996,-75.576430000000002,Toma 4,05/05/19,11:21,AndLocation
