Lugar,Latitud,Longitud,Tipo,Fecha,Hora,App
Frente del bloque 46,6.2626540000000004,-75.577392000000003,Referencia 1,04-30-19,11:50,Google Maps
Frente del bloque 46,6.2627240000000004,-75.577444,Toma 1,04-30-19,15:36,Mapa Coordenadas
Frente del bloque 46,6.2626619999999997,-75.577399999999997,Toma 2,05-02-19,06:44,Mapa Coordenadas
Frente del bloque 46,6.2626530000000002,-75.577365999999998,Toma 3,05-02-19,09:50,Mapa Coordenadas
Frente del bloque 46,6.2627050000000004,-75.577264999999997,Toma 4,05-02-19,13:30,Mapa Coordenadas
Parte de arriba del Ágora entre parqueadero y bloque 46,6.2622960000000001,-75.577381000000003,Referencia 2,04-30-19,11:52,Google Maps
Parte de arriba del Ágora entre parqueadero y bloque 46,6.2622939999999998,-75.577364000000003,Toma 1,04-30-19,15:37,Mapa Coordenadas
Parte de arriba del Ágora entre parqueadero y bloque 46,6.2623030000000002,-75.577204999999907,Toma 2,05-02-19,06:46,Mapa Coordenadas
Parte de arriba del Ágora entre parqueadero y bloque 46,6.2623680000000004,-75.577389999999994,Toma 3,05-02-19,09:49,Mapa Coordenadas
Parte de arriba del Ágora entre parqueadero y bloque 46,6.2621929999999999,-75.577326999999997,Toma 4,05-02-19,13:35,Mapa Coordenadas
Entrada biblioteca Efe Gómez,6.2616149999999999,-75.577691000000002,Referencia 3,04-30-19,11:55,Google Maps
Entrada biblioteca Efe Gómez,6.2616670000000001,-75.577779999999905,Toma 1,04-30-19,15:39,Mapa Coordenadas
Entrada biblioteca Efe Gómez,6.2616480000000001,-75.577742000000001,Toma 2,05-02-19,06:48,Mapa Coordenadas
Entrada biblioteca Efe Gómez,6.2616079999999998,-75.577682999999993,Toma 3,05-02-19,09:44,Mapa Coordenadas
Entrada biblioteca Efe Gómez,6.2616129999999997,-75.5777784,Toma 4,05-02-19,13:41,Mapa Coordenadas
