ORDEN,AÃ‘O,MES,CUENCA,FUENTE,Dia_1,Dia_2,Dia_3,Dia_4,Dia_5,Dia_6,Dia_7,Dia_8,Dia_9,Dia_10,Dia_11,Dia_12,Dia_13,Dia_14,Dia_15,Dia_16,Dia_17,Dia_18,Dia_19,Dia_20,Dia_21,Dia_22,Dia_23,Dia_24,Dia_25,Dia_26,Dia_27,Dia_28,Dia_29,Dia_30,Dia_31
1,2016,2,CHINCHINA,CHINCHINA,4417,4185,4185,4185,4417,4417,4417,4424,4424,4424,4424,4424,4424,4424,4424,4424,4424,4424,4424,3846,6735,9625,9047,6158,7313,6158,5580,5580,5002,,
2,2016,2,CHINCHINA,CAJONES,1540,1135,1135,1135,1540,1540,1540,1655,1655,1655,1655,1655,1655,1655,1655,1655,1655,1655,1655,1226,2084,3442,3442,3174,3174,2906,2906,2513,2423,,
3,2016,2,CHINCHINA,ROMERALES,1230,1230,1230,1230,1230,1230,1230,1288,1110,1110,1110,1110,1110,1110,1110,1110,1110,1110,1110,1110,2178,5027,3959,3246,2712,3068,2534,2356,2178,,
4,2016,2,CHINCHINA,LA MARIA,532,532,532,532,532,532,532,521,521,521,521,521,521,521,521,521,521,521,521,521,724,1534,1129,1534,1129,1331,724,724,678,,
5,2016,2,CHINCHINA,CALIFORNIA,1563,1563,1400,1400,1400,1400,1400,1424,1399,1399,1399,1399,1399,1399,1399,1399,1399,1399,1399,1257,1681,4645,3939,3939,3375,3093,2810,2528,2309,,
6,2016,2,RIO BLANCO,RIO BLANCO,1904,1904,1904,1904,1904,1904,1805,1805,1805,1805,1805,1805,1805,1805,1805,1805,1805,1805,1805,1805,2003,3916,2616,2175,2003,2003,2003,2003,2003,,
7,2016,2,RIO BLANCO,PINARES,664,664,664,664,664,664,664,664,664,664,664,664,664,664,664,664,664,664,664,664,720,945,664,664,664,664,664,664,664,,
8,2016,2,RIO BLANCO,OLIVARES,131,131,127,131,131,131,131,200,200,200,200,200,200,200,200,200,200,200,200,200,242,327,242,242,242,242,242,242,242,,
9,2016,2,RIO BLANCO,LA YE,426,426,426,426,426,426,426,426,426,426,426,426,426,426,426,426,426,347,347,347,426,899,899,741,741,741,583,583,504,,
10,2016,3,CHINCHINA,CHINCHINA,5002,9047,5580,5580,6735,5580,5580,5580,5580,5580,5580,5002,5002,5580,5002,5002,5002,6735,5580,5002,5002,5002,5002,5002,5002,5002,4424,6158,5002,5002,6158
11,2016,3,CHINCHINA,CAJONES,2423,2423,2423,2423,2423,2423,2423,2423,2802,2423,2423,2423,3181,2802,2423,2423,2423,3181,2802,2423,2423,2423,2423,2423,2423,2423,2423,2802,2043,2043,2802
12,2016,3,CHINCHINA,ROMERALES,2178,2247,1999,1999,1999,1999,1999,1999,2744,3738,2992,2247,3241,2247,1999,1999,1750,2496,1999,1750,1750,1254,1254,1254,1005,1005,1005,1254,1254,1254,3241
13,2016,3,CHINCHINA,LA MARIA,678,670,670,670,670,670,670,670,823,976,823,976,1129,1282,900,900,823,1053,900,900,823,823,823,747,747,747,747,823,747,747,976
14,2016,3,CHINCHINA,CALIFORNIA,2030,2030,2030,2030,2030,2030,1891,1891,1891,3983,3425,3704,4268,4123,3565,3425,3565,3704,3286,3007,2867,2867,2867,2728,2728,2588,2449,2728,2449,2588,3425
15,2016,3,RIO BLANCO,RIO BLANCO,2003,2003,2003,2003,2003,2003,2003,1904,1904,2003,2102,2003,2495,2274,2102,2102,2102,2102,2102,2102,2102,2003,2003,2003,1904,1904,1904,1904,1904,1904,2003
16,2016,3,RIO BLANCO,PINARES,664,720,664,664,664,664,664,664,776,888,832,776,1058,776,776,776,776,832,832,776,720,720,720,720,720,720,720,720,720,720,832
17,2016,3,RIO BLANCO,OLIVARES,242,242,242,200,242,242,200,200,242,200,242,200,242,242,242,327,242,242,242,242,242,242,242,200,200,200,200,200,200,242,242
18,2016,3,RIO BLANCO,LA YE,504,583,583,583,583,583,583,583,741,583,741,583,741,899,899,1214,1056,1056,899,741,741,741,741,583,583,583,583,583,583,662,741
19,2016,4,CHINCHINA,CHINCHINA,6158,6158,5580,7313,6735,5580,5580,5580,8469,5580,6158,12514,9047,8469,7313,7891,8469,7313,6735,6158,5580,5580,5580,13670,10780,8469,9047,17137,10780,9047,
20,2016,4,CHINCHINA,CAJONES,2423,2802,2423,2423,2802,2802,2423,2423,3181,2423,2423,6594,4319,3940,3560,3940,3940,3560,3181,3181,2802,2802,2423,3181,3940,3181,3560,5077,4319,3940,
21,2016,4,CHINCHINA,ROMERALES,3738,2744,2247,2344,3053,2580,2580,2344,3289,2107,2107,5180,5653,4944,3998,6126,5653,4483,3986,3738,3489,3241,2992,2992,5228,5476,4234,5228,6221,6221,
22,2016,4,CHINCHINA,LA MARIA,976,976,900,1085,1945,1300,1193,1193,1193,1515,1085,2482,1622,1300,1193,1085,1193,1085,978,978,978,871,871,871,1193,978,1085,1085,1300,1515,
23,2016,4,CHINCHINA,CALIFORNIA,3565,3286,3007,2997,4210,3806,3806,3536,3940,3402,3402,6365,5556,4883,4479,4210,4344,3983,3844,3844,3704,3565,3425,3425,4681,4541,3983,4541,5099,5099,
24,2016,4,RIO BLANCO,RIO BLANCO,1904,1904,1904,2003,2003,2003,2003,2003,2102,2102,2003,4257,3057,2616,2395,2395,2395,2495,2274,2102,2102,2102,2003,2003,2935,2495,3156,4797,3695,4478,
25,2016,4,RIO BLANCO,PINARES,776,776,776,832,776,776,776,776,776,776,720,1761,1057,888,776,776,776,888,832,832,832,776,776,776,832,832,888,1185,932,1058,
26,2016,4,RIO BLANCO,OLIVARES,242,242,242,242,242,242,327,242,242,242,242,666,412,327,327,242,242,242,242,242,242,242,242,242,327,242,242,327,327,327,
27,2016,4,RIO BLANCO,LA YE,899,899,741,741,741,741,1056,899,899,899,899,1214,1372,1214,1056,1056,1056,1056,1056,977,977,899,899,899,899,899,899,1056,1056,1056,
28,2016,5,CHINCHINA,CHINCHINA,10203,8485,11375,12531,10219,9063,10219,14843,12531,14265,14843,12531,11375,10797,10219,10203,10203,11358,10203,9625,9047,9047,7891,7891,7891,9625,7891,7891,8469,10203,8469
29,2016,5,CHINCHINA,CAJONES,4319,4698,5077,5077,4319,3940,3940,4319,4698,6974,6594,5836,4698,4319,3940,3560,3560,3560,3560,3560,3181,3181,2802,2802,2802,3181,2802,2802,2802,3181,3181
30,2016,5,CHINCHINA,ROMERALES,7215,4731,6718,6718,5725,5476,5973,6221,7215,8208,11189,8208,7215,6221,5973,5058,4507,4507,4231,3956,3956,3956,3956,3405,2854,4507,3405,3405,3956,4367,4784
31,2016,5,CHINCHINA,LA MARIA,2849,2773,2849,2849,2696,2696,2773,2849,3002,3155,3308,3002,2926,3002,2849,1622,1515,1515,1300,1300,1300,1300,1193,1085,1085,1193,1085,1085,1300,1300,1300
32,2016,5,CHINCHINA,CALIFORNIA,5657,4960,5378,5099,4681,4681,4820,5099,5936,6773,8168,7052,4268,6215,5797,5287,5018,5018,4883,4748,4479,4479,4479,4210,4210,4614,4344,4210,4479,4479,4614
33,2016,5,RIO BLANCO,RIO BLANCO,5458,5359,4919,5535,4874,4334,5095,4555,4995,5436,5436,5216,4874,4555,4334,3795,3673,4114,3894,3354,3133,3133,3012,2792,2814,3255,2814,2594,2594,2913,3133
34,2016,5,RIO BLANCO,PINARES,1690,1943,1831,1761,1452,1269,1634,1452,1452,2323,2070,1901,1831,1775,1649,1325,1381,1438,1381,1381,1255,1199,1073,946,946,1073,1073,946,946,946,1199
35,2016,5,RIO BLANCO,OLIVARES,412,412,327,285,285,242,285,242,327,242,327,327,327,327,327,222,222,222,222,222,222,222,222,222,222,306,222,222,222,222,264
36,2016,5,RIO BLANCO,LA YE,1214,1214,1372,1372,1372,1293,1293,1214,1214,1214,1529,1529,1372,1372,1372,1293,1214,1214,1214,1214,1214,1056,1056,1056,1056,1214,1056,1056,1056,1056,1214
37,2016,6,CHINCHINA,CHINCHINA,10203,10203,9625,13670,10203,9625,9047,12514,9047,13092,11358,10203,9625,10203,11358,11358,10203,9625,9047,10203,10203,9625,9047,8469,9047,20604,10780,10203,9625,9625,
38,2016,6,CHINCHINA,CAJONES,3181,3181,2802,3181,2802,2423,2423,2802,2423,3181,2423,2423,2423,2423,2423,2043,2043,2043,2043,2043,2423,2423,2423,2423,2043,2802,2043,2043,2043,2043,
39,2016,6,CHINCHINA,ROMERALES,4784,4784,4784,4575,3950,3741,3741,4784,3950,4784,3950,3741,3533,3324,3950,3741,3533,3533,3741,3115,3950,3533,3324,3324,3324,3950,3324,2907,2698,2490,
40,2016,6,CHINCHINA,LA MARIA,1300,1300,1300,1300,1300,1193,1085,1193,1085,1515,1300,1193,1085,1085,1193,1085,1085,1085,1085,1085,1085,978,871,871,871,1085,978,871,871,871,
41,2016,6,CHINCHINA,CALIFORNIA,4479,4748,4748,4479,4479,2996,2846,3146,2846,4348,3447,2846,2846,2846,3146,2846,2696,2545,2545,2696,2696,2545,2545,2545,2545,3146,2545,2545,2395,2245,
42,2016,6,RIO BLANCO,RIO BLANCO,2814,2814,2594,3034,2814,2715,2495,3817,3376,3596,3376,2836,2836,2836,4257,3718,3277,3057,3057,2836,3497,3057,3057,2836,2836,6020,3718,3277,3277,2836,
43,2016,6,RIO BLANCO,PINARES,1002,1002,1087,1143,960,960,960,960,960,1087,834,834,1002,834,834,834,778,651,651,776,776,776,776,776,776,1354,708,708,664,664,
44,2016,6,RIO BLANCO,OLIVARES,306,222,222,222,222,222,222,222,222,222,222,222,222,222,222,222,222,222,222,222,222,222,222,222,222,222,222,222,222,222,
45,2016,6,RIO BLANCO,LA YE,1056,1056,1056,977,977,977,977,977,977,977,977,899,899,899,899,899,899,741,741,741,741,741,741,741,741,741,741,741,662,662,
46,2016,7,CHINCHINA,CHINCHINA,9047,10203,10203,10203,12514,14825,11936,11358,10203,9625,9625,9047,9047,9047,10780,12514,12514,11358,10203,10203,9625,10203,10203,10780,24071,10780,11358,11358,10780,10203,10203
47,2016,7,CHINCHINA,CAJONES,2043,2043,2043,2043,2043,3181,2423,2043,2043,2043,2043,2043,2043,2043,2043,2043,2423,2423,2043,2043,2043,2043,2043,2043,3560,2043,2043,2043,2043,2043,2043
48,2016,7,CHINCHINA,ROMERALES,2340,2580,2460,2460,2220,2700,3060,2580,2460,1860,2220,2220,2220,2220,2460,2460,2940,2580,2460,2340,2340,2220,2220,2220,2460,2700,2460,2340,2220,2100,2100
49,2016,7,CHINCHINA,LA MARIA,871,1085,1085,871,871,1730,1300,1193,1085,978,871,871,871,871,1085,1085,1085,978,978,978,978,978,871,871,1300,871,871,871,871,871,978
50,2016,7,CHINCHINA,CALIFORNIA,2245,2696,2545,2395,2395,4348,3297,3146,2846,2545,2395,2545,2395,2395,2846,2545,2996,2696,2545,2545,2395,2395,2395,2395,3447,2545,2395,2395,2245,2245,2095
51,2016,7,RIO BLANCO,RIO BLANCO,2836,3057,2836,3057,3057,4698,3718,3057,3057,2836,2395,2395,2395,2616,2836,4158,4379,2395,4158,3718,3718,3497,3497,3277,4599,3497,3497,3277,3057,3057,2836
52,2016,7,RIO BLANCO,PINARES,664,809,664,664,664,888,720,720,720,720,664,720,720,720,720,720,720,865,720,720,720,720,720,720,960,720,720,720,720,720,720
53,2016,7,RIO BLANCO,OLIVARES,222,222,222,222,222,222,222,222,222,222,222,222,222,222,222,222,222,222,222,222,222,222,222,222,222,222,222,222,222,222,222
54,2016,7,RIO BLANCO,LA YE,662,662,662,741,741,741,741,662,662,583,583,583,583,583,583,583,741,662,662,662,662,662,662,662,662,662,583,583,583,583,583
55,2016,8,CHINCHINA,CHINCHINA,9625,10203,10203,11358,10203,9625,9047,9047,8469,8469,8469,8469,8469,7891,7891,7891,7891,7313,7313,7313,6735,7562,7562,7562,7562,7562,7562,7562,7562,9371,7562
56,2016,8,CHINCHINA,CAJONES,2043,2043,2043,2043,2043,2043,2043,2043,2043,2043,2043,2043,2043,2043,1664,1664,1664,1664,1664,1664,1664,1664,1664,1664,1664,1664,1664,1664,1664,2043,1664
57,2016,8,CHINCHINA,ROMERALES,2100,2100,2460,2700,2580,2340,2460,2340,2100,2100,2100,1980,1980,1980,1980,1980,1860,1860,1860,1740,1740,1740,1740,1620,1620,1620,1620,1620,2220,1980,1860
58,2016,8,CHINCHINA,LA MARIA,763,656,871,978,871,871,978,871,871,871,871,871,871,871,763,763,763,763,656,656,656,656,548,548,548,548,656,656,763,548,548
59,2016,8,CHINCHINA,CALIFORNIA,2095,2095,2245,2545,2545,2545,2545,2245,2095,2095,2095,1944,1944,1944,1944,1944,1944,1944,1794,1794,1794,1644,1644,1644,1644,1644,1494,1494,1944,1794,1644
60,2016,8,RIO BLANCO,RIO BLANCO,2836,2836,2836,3277,2836,2616,2395,2616,2395,2395,2395,2395,2201,2201,2201,2201,2201,2201,2201,2201,2201,2201,2201,2201,2201,2201,2201,2201,2201,2201,2201
61,2016,8,RIO BLANCO,PINARES,720,720,720,720,720,720,720,720,720,720,720,720,720,720,720,720,720,720,664,720,720,720,720,720,720,720,720,720,664,664,664
62,2016,8,RIO BLANCO,OLIVARES,222,222,180,180,180,180,180,180,180,180,180,180,180,180,180,180,180,180,180,180,139,139,139,139,139,139,139,139,180,180,180
63,2016,8,RIO BLANCO,LA YE,583,583,583,583,583,583,426,426,426,426,426,426,426,426,426,426,426,426,426,426,426,426,426,426,426,426,426,426,426,426,426
64,2016,9,CHINCHINA,CHINCHINA,19321,8467,8015,9371,8919,8467,8015,7562,7562,7562,8467,11180,11633,11633,13894,10728,9824,9371,9371,8919,8919,8467,8467,8467,8467,8467,8015,8015,8919,8015,
65,2016,9,CHINCHINA,CAJONES,2423,1664,1664,1664,1664,2043,1664,1664,1664,1664,1664,2043,2043,2423,2802,2043,2043,2043,1664,1664,1664,1664,1664,1664,1664,1664,1664,1664,2043,1664,
66,2016,9,CHINCHINA,ROMERALES,2460,1980,1980,1980,2220,2340,1980,2340,2220,2100,2100,2460,2820,2820,4140,2940,2580,2460,2460,2460,2340,2220,2100,2100,2100,2100,1980,1980,1980,2220,
67,2016,9,CHINCHINA,LA MARIA,871,656,656,441,656,656,656,763,871,656,656,656,763,978,1515,871,763,763,763,656,763,763,656,656,656,548,548,548,548,548,
68,2016,9,CHINCHINA,CALIFORNIA,2696,2245,1944,1794,1944,2095,1944,2245,2395,1944,1944,2545,2696,2996,4348,2996,2696,2696,2245,2245,2395,2095,2095,1944,1944,1794,1794,1794,1794,1944,
69,2016,9,RIO BLANCO,RIO BLANCO,6560,2373,2201,2201,2201,2201,2201,2201,2201,2201,2201,3695,3695,3475,5458,4136,4136,3916,3255,3034,2814,2594,2814,2594,2594,2373,2373,2201,2201,2201,
70,2016,9,RIO BLANCO,PINARES,960,720,720,720,720,720,720,720,720,720,720,720,720,720,720,720,720,720,720,720,720,720,720,720,720,720,720,720,720,720,
71,2016,9,RIO BLANCO,OLIVARES,222,180,180,180,222,222,180,222,222,222,222,222,222,264,306,222,222,222,222,222,222,222,222,222,222,222,222,224,222,222,
72,2016,9,RIO BLANCO,LA YE,583,426,426,426,583,583,504,504,504,504,504,583,583,583,741,583,583,426,426,426,426,426,426,347,347,347,347,347,347,347,
73,2016,10,CHINCHINA,CHINCHINA,14798,10728,9371,8919,13894,8919,9371,8467,8467,9371,8919,10276,9824,9371,8919,8919,9371,11180,10276,9824,9371,8919,10276,8919,10276,8919,10276,9824,13894,10276,9741
74,2016,10,CHINCHINA,CAJONES,3560,2802,2043,2043,4319,2043,2802,2423,2043,2423,2423,2802,3181,2802,2802,2802,2802,3560,3560,3181,2802,2423,2802,2423,3181,2423,2802,3181,3940,3181,2802
75,2016,10,CHINCHINA,ROMERALES,4620,3660,2700,2460,4380,3180,4140,3180,3420,3420,3420,3660,4140,3420,3180,3660,3180,3900,4380,3900,3420,3180,3180,3070,3437,3192,3437,3192,3681,2948,2940
76,2016,10,CHINCHINA,LA MARIA,1945,978,763,656,2589,871,1622,1193,1515,1300,1193,1300,1408,1193,1300,1300,1300,1300,1408,1300,1193,1085,1300,1193,1730,1193,1515,1300,1622,1300,1193
77,2016,10,CHINCHINA,CALIFORNIA,4949,3297,2395,2245,7653,2996,5250,4048,4048,4348,4048,4498,4649,3897,3747,3747,3297,4348,4799,3897,3747,3447,3747,3467,5156,3655,4405,3842,4405,3655,3297
78,2016,10,RIO BLANCO,RIO BLANCO,7662,4797,4136,4136,7221,4136,5018,4136,4136,4577,3916,7001,5458,4797,4577,4357,4357,4577,5238,5018,4357,4357,4357,4136,4136,4136,5018,4577,6120,5679,4321
79,2016,10,RIO BLANCO,PINARES,1814,1055,960,1150,1434,1150,1245,960,960,960,720,2098,1434,1434,1339,1245,1245,1245,1339,1245,1150,1150,1150,1055,1245,1055,1245,1150,1245,1150,1150
80,2016,10,RIO BLANCO,OLIVARES,474,222,180,222,306,180,222,180,222,306,306,390,390,348,264,306,306,306,306,306,306,306,306,306,264,222,264,222,264,264,264
81,2016,10,RIO BLANCO,LA YE,1372,583,583,583,899,583,741,583,662,662,583,1214,1214,1135,899,899,899,820,899,899,899,899,899,899,899,741,899,741,899,899,900
82,2016,11,CHINCHINA,CHINCHINA,10276,11180,11180,10276,11633,10728,10276,10728,10276,9824,21129,11633,10276,13894,21129,12085,19321,19321,22034,22034,19321,17512,16607,16155,16155,16607,15703,17512,17512,17512,
83,2016,11,CHINCHINA,CAJONES,3181,3560,3560,3560,3940,3560,3560,3560,3181,2802,4698,3181,3181,3560,5077,3560,5077,6215,7353,7353,5836,5077,4319,3940,3560,3940,3560,4698,4698,4698,
84,2016,11,CHINCHINA,ROMERALES,3300,3660,3420,3900,4380,4140,3900,3900,3420,3180,3420,3180,2940,3900,5340,3900,4380,4380,4860,4620,8577,8007,6866,6296,5726,8577,7437,9148,6866,6866,
85,2016,11,CHINCHINA,LA MARIA,1300,1300,1300,1300,1730,1515,1730,1730,1622,1408,1622,1515,1300,2159,1945,1515,1730,1622,2159,1945,1730,1730,1515,1515,1300,2159,1730,2052,2374,2052,
86,2016,11,CHINCHINA,CALIFORNIA,4030,4593,4405,4218,5156,4218,4593,4781,4218,4030,4218,3842,3280,6282,6282,4405,5531,5531,7783,7407,5906,4781,4405,4030,3655,5531,4593,5156,5906,5719,
87,2016,11,RIO BLANCO,RIO BLANCO,4321,4692,4878,4321,4507,4878,4692,5063,4878,4507,4878,4878,4692,5435,6734,6177,6734,7477,7848,6734,8103,8103,8103,7851,7347,7347,7095,7851,7599,7347,
88,2016,11,RIO BLANCO,PINARES,1055,1245,1245,1245,1245,1093,1093,1093,999,999,999,999,999,1378,1378,1188,1283,1378,1663,1378,1378,1378,1378,1378,1283,1283,1283,1283,1283,1188,
89,2016,11,RIO BLANCO,OLIVARES,618,791,791,705,618,618,618,618,618,532,532,532,532,618,445,445,445,445,445,618,445,532,532,532,445,445,445,359,445,445,
90,2016,11,RIO BLANCO,LA YE,1516,1825,1825,1825,1979,1979,1670,1670,1516,1516,1362,1362,1208,1362,1054,1208,1208,1208,1208,1208,1285,1208,1208,1208,1208,1208,1131,1131,1208,1208,
91,2016,12,CHINCHINA,CHINCHINA,16607,17964,18868,17512,16607,16607,15703,14798,14798,14798,14798,13894,13894,14346,13441,13441,12537,12537,12537,12085,14346,14798,13894,13894,12989,12085,12085,12989,12085,11633,22034
92,2016,12,CHINCHINA,CAJONES,4319,5077,5457,5077,4698,4319,3940,3560,3560,3560,3560,3181,3560,3181,3181,3181,2802,2802,2802,2423,3940,3940,3181,3181,3181,3181,3181,3560,3560,3181,5457
93,2016,12,CHINCHINA,ROMERALES,6866,7437,8007,7437,6581,6011,6866,6011,6581,4870,6011,4870,4585,4585,4015,3730,3730,3730,3730,4300,6296,6011,4870,4585,4585,4300,4300,7722,6866,6866,8007
94,2016,12,CHINCHINA,LA MARIA,2052,2482,2374,2159,2374,2482,2374,2052,3234,2482,2052,2817,2817,2817,2186,2186,1976,1976,1765,1765,3237,2396,2186,2186,2186,1976,1976,3447,3237,3237,4919
95,2016,12,CHINCHINA,CALIFORNIA,5531,6657,6469,5531,5719,5531,5906,4781,6282,4968,5156,4405,4218,4030,3842,3467,3280,3092,2904,3280,5531,4781,4030,3655,3467,3092,2904,4781,4593,4781,4904
96,2016,12,RIO BLANCO,RIO BLANCO,7347,7095,7347,7095,6591,6339,6339,6339,6087,6087,5709,5835,5835,5583,5583,5583,5331,5331,5331,5331,6591,5331,5078,5078,4826,4826,4574,7347,4826,4826,7401
97,2016,12,RIO BLANCO,PINARES,1283,1283,1283,1283,1188,1188,1188,1188,1093,1093,1046,999,999,999,999,999,999,904,809,904,1283,1093,999,999,999,999,999,999,999,1093,1568
98,2016,12,RIO BLANCO,OLIVARES,445,532,532,532,445,618,618,445,445,445,359,272,445,445,445,445,445,445,445,445,532,532,532,618,445,445,445,445,445,618,618
99,2016,12,RIO BLANCO,LA YE,1208,1285,1208,1285,1208,1516,1208,1208,1208,1208,1208,1208,1208,1054,900,900,900,900,822,822,1131,1054,900,1054,900,900,822,900,1054,1208,1670
100,2017,1,CHINCHINA,CHINCHINA,12989,12085,11633,11633,11180,12085,11633,12085,12085,11633,11633,12989,12085,12085,11633,26556,13894,14798,16155,15703,19321,13894,13441,12989,12537,12085,12085,11633,11633,11633,11180
101,2017,1,CHINCHINA,CAJONES,3560,3181,3181,3181,3181,3560,3181,3560,3560,3560,3560,3560,3560,3560,3560,6215,4319,5077,4698,4698,8870,5077,4698,4319,3940,3940,3560,3560,3181,3181,3560
102,2017,1,CHINCHINA,ROMERALES,6866,6296,5726,6296,5441,6296,5441,6581,7151,6866,6581,6866,6296,5726,5441,8007,6296,8007,8577,8577,17132,9718,8577,7722,6866,6296,6011,6011,5441,6011,5441
103,2017,1,CHINCHINA,LA MARIA,3447,3027,2817,2606,2396,2396,2186,3027,3237,2817,2396,2396,2186,2186,1976,3658,2396,6602,3868,3237,10386,4078,3237,3027,2606,2396,2186,2186,2186,2186,2186
104,2017,1,CHINCHINA,CALIFORNIA,4593,4218,3280,3280,2904,3280,2717,4405,4968,4405,4405,4593,4218,3842,3655,5531,4030,8533,6282,5156,16039,5906,4781,4405,3842,3467,3280,3092,2717,2717,2717
105,2017,1,RIO BLANCO,RIO BLANCO,5078,4826,4826,4574,4574,4574,4574,5331,4826,4826,4389,4547,4295,5303,4547,7067,5807,6815,4893,4641,5901,4893,4641,4641,4389,4389,4137,4137,3885,4493,4241
106,2017,1,RIO BLANCO,PINARES,1188,1093,999,1093,1093,999,999,1378,1339,1339,1055,865,1668,1339,865,1150,1568,1758,1473,1568,1758,1568,1568,1568,1473,1473,1473,1473,1378,1568,1378
107,2017,1,RIO BLANCO,OLIVARES,618,445,445,445,445,445,445,964,532,445,445,445,445,445,445,618,618,1137,618,618,1310,705,618,618,618,618,618,618,532,705,445
108,2017,1,RIO BLANCO,LA YE,1285,1208,1131,1131,1131,1208,1131,2441,1825,1516,1516,1516,1516,1516,1516,2133,1979,1979,1825,1670,2287,1825,2323,2085,1608,1608,1608,1608,1489,1489,1370
109,2017,2,CHINCHINA,CHINCHINA,13894,11633,11633,11180,10728,10728,10276,10276,9824,10276,9824,15703,12085,11180,10728,11180,11633,10276,10276,10276,10276,12989,10276,9824,9824,9824,9824,9824,,,
110,2017,2,CHINCHINA,CAJONES,3560,3181,3181,3181,3181,3181,3181,2802,2802,2802,2802,3560,3181,2802,2802,2802,3181,2802,2802,3184,3184,4341,3570,3570,3570,3184,3184,3184,,,
111,2017,2,CHINCHINA,ROMERALES,5441,4870,4870,4585,4585,4300,4015,4015,3730,4015,3730,4870,5726,4585,4015,3730,4870,4015,4015,3730,3730,4015,4300,4300,4300,6296,3569,3569,,,
112,2017,2,CHINCHINA,LA MARIA,2186,1976,1555,1555,1555,1345,1345,1345,1345,1345,1345,2186,2186,1555,1555,1555,1555,1555,1345,1135,1135,1976,1345,1135,1135,1345,1135,924,,,
113,2017,2,CHINCHINA,CALIFORNIA,3189,3030,3030,2871,2712,2553,2553,2394,2394,2553,2235,3348,3666,2712,2553,2553,3030,2712,2394,2076,2712,3189,2553,2235,2235,3030,2394,2394,,,
114,2017,2,RIO BLANCO,RIO BLANCO,3890,4043,3890,3638,3638,3737,3881,3881,3881,3881,3629,6698,4592,4232,4079,3980,5087,3980,3980,3773,3719,4223,4124,3521,3773,3773,3269,3269,,,
115,2017,2,RIO BLANCO,PINARES,1378,1378,1283,1283,1188,1188,1188,1188,1093,1093,1093,2042,1188,1093,1093,1093,1188,1093,999,999,999,1093,999,999,999,999,999,999,,,
116,2017,2,RIO BLANCO,OLIVARES,445,445,359,359,359,359,359,359,359,359,359,1137,618,445,445,445,445,445,359,359,359,618,359,359,359,359,359,359,,,
117,2017,2,RIO BLANCO,LA YE,1131,1054,1054,1054,977,900,900,900,900,900,900,1670,1054,977,900,822,900,822,745,745,745,1054,977,900,900,745,745,745,,,
118,2017,3,CHINCHINA,CHINCHINA,9824,9824,9824,9824,9371,9371,9371,13894,21129,12085,12085,17512,13894,12989,32888,19321,15703,13894,17512,14002,15864,14933,14002,14933,17726,18658,17726,15864,15864,21451,28901
119,2017,3,CHINCHINA,CAJONES,3184,3184,3184,3570,3184,3184,3570,4726,6654,3955,3955,5883,5497,5112,7425,5883,5883,4726,5497,4726,4726,4726,4341,5112,5497,5883,5112,5112,4726,5883,6268
120,2017,3,CHINCHINA,ROMERALES,3364,3775,3775,4391,3775,3775,5008,8090,7268,5624,5213,10556,7268,6857,9734,9323,7679,7268,7268,8483,9188,7779,7779,8483,8483,10598,9188,8483,9893,12007,12712
121,2017,3,CHINCHINA,LA MARIA,1345,1555,1555,1555,1345,1345,2817,5550,4919,3868,3868,6391,4499,3237,6181,4919,4078,3237,3237,3237,3447,2817,3027,2817,2817,3027,2817,2396,3658,4499,3658
122,2017,3,CHINCHINA,CALIFORNIA,2712,3030,3666,3825,3189,2489,7452,19365,10431,6460,5467,16387,8445,6460,7452,12416,8445,6460,6460,6370,7381,5359,6370,6370,6370,8393,7381,6370,8393,13449,10415
123,2017,3,RIO BLANCO,RIO BLANCO,3269,3269,3521,3269,3269,3170,2918,5789,4430,4430,4484,6500,5294,5141,7310,7004,6302,6302,6302,6248,6500,6401,6149,6653,6905,6653,6707,6455,6806,7562,8165
124,2017,3,RIO BLANCO,PINARES,999,999,999,999,904,904,904,1473,1283,1283,1283,1852,1473,1378,1947,1758,1663,1663,1758,2055,2184,2055,2055,2055,2055,2055,2055,1926,2055,2184,2313
125,2017,3,RIO BLANCO,OLIVARES,359,532,618,618,445,445,791,964,791,705,618,705,618,618,1137,964,964,791,1137,618,964,964,791,791,964,791,618,618,705,705,964
126,2017,3,RIO BLANCO,LA YE,745,900,1054,1054,1054,1054,1208,2133,1979,1825,1670,1979,1825,1670,2133,1825,2133,2133,2287,2133,2287,1979,1825,1979,1979,1825,1825,1825,1670,1670,2287
127,2017,4,CHINCHINA,CHINCHINA,19589,18658,16795,15864,15864,16795,15864,14933,14933,15864,15864,14933,15864,15864,15398,14933,14002,14002,16795,15864,14002,13070,14002,14002,13070,42868,16795,14933,14002,14002,
128,2017,4,CHINCHINA,CAJONES,5497,5112,4726,4726,4341,4341,3955,3955,3955,3955,3955,3955,3955,3955,3955,3570,3639,4040,5245,6851,4442,4040,4040,3639,4442,10064,6048,4843,4442,4843,
129,2017,4,CHINCHINA,ROMERALES,9188,7779,8533,6418,5713,5008,5008,4655,4655,8533,5713,5360,6418,5713,7123,5713,5713,6418,11354,7123,7123,6418,6418,5713,5360,25456,8533,7123,7123,7123,
130,2017,4,CHINCHINA,LA MARIA,3237,3237,2817,2396,2186,2186,1976,1976,1976,2606,2186,2396,2186,2186,3237,2396,2396,2396,4499,3237,3027,2606,2396,2186,2186,6181,3237,2396,2396,2396,
131,2017,4,CHINCHINA,CALIFORNIA,7381,6370,5359,4347,3336,2830,2325,2325,2325,6370,4347,3336,3336,3336,7381,5359,4867,4867,12178,7609,6695,5781,4867,4867,3953,20403,7609,5781,5324,4867,
132,2017,4,RIO BLANCO,RIO BLANCO,7211,6959,6653,6401,6401,6401,6149,5897,5645,6401,6401,6401,6905,6653,6401,6401,5897,5645,6149,6339,6140,5888,5636,6339,5835,10119,8103,7599,6843,6591,
133,2017,4,RIO BLANCO,PINARES,2313,2055,1797,1797,2055,1797,1797,1797,1797,1926,1797,1797,2055,2055,1926,1797,1797,1797,1797,2055,1926,1926,1797,1797,1797,2313,1926,1926,1797,1797,
134,2017,4,RIO BLANCO,OLIVARES,618,618,618,618,618,618,618,532,618,618,618,618,964,964,791,618,618,791,1310,705,618,618,618,618,618,1829,964,791,705,705,
135,2017,4,RIO BLANCO,LA YE,1979,1670,1670,1516,1516,1362,1362,1208,1208,1362,1208,1208,1670,1825,1670,1516,1516,1516,2441,1516,1516,1516,1516,1516,1516,3058,2133,2133,1979,1825,
136,2017,5,CHINCHINA,CHINCHINA,14933,21451,21451,17726,18658,41006,25176,37281,33556,29832,35419,31694,35419,35419,34488,35419,32625,36350,29832,27969,27969,27969,27038,24245,23313,22382,21451,20520,19589,18658,18658
137,2017,5,CHINCHINA,CAJONES,5245,6048,6450,5647,6048,10064,8457,9662,11670,8457,10867,10064,10064,10064,10064,10867,10064,10064,8859,8056,7654,7253,6450,6048,6048,6048,6048,6048,6048,5245,5245
138,2017,5,CHINCHINA,ROMERALES,8628,16564,10071,9349,10071,15121,13678,16564,25943,15842,15121,18728,17285,16564,14400,12957,12957,12235,10792,10071,9349,8628,7907,7185,6464,6464,5742,5742,5381,5021,5021
139,2017,5,CHINCHINA,LA MARIA,2461,3739,3313,2461,2887,5017,4165,5443,6721,4591,5443,6721,5869,6295,5869,6934,5443,4591,4165,3739,3739,3100,2887,2461,2461,2035,2035,2035,1822,1822,1609
140,2017,5,CHINCHINA,CALIFORNIA,6695,12178,9436,6695,8523,13092,13092,19489,24973,14920,15834,22231,19489,20403,19489,22231,18575,14920,13092,10350,10350,9436,7609,6695,6238,5781,4867,4867,4410,3953,3953
141,2017,5,RIO BLANCO,RIO BLANCO,6797,7806,7806,7553,8058,12441,9632,10640,10640,9137,8422,9430,9178,8674,8170,8422,8170,7413,7413,7665,7918,7413,7413,6909,6153,7310,7310,7058,7310,7058,7310
142,2017,5,RIO BLANCO,PINARES,1797,2184,2055,2055,2055,2700,2442,2571,2829,2571,2571,3087,3087,2958,3087,3216,2958,2829,2700,2700,2700,2571,2571,2442,2313,2313,2313,2184,2184,2184,2055
143,2017,5,RIO BLANCO,OLIVARES,791,1137,964,964,964,1310,1224,1137,1310,1310,1656,1656,1656,1310,1483,1656,1483,1656,1483,1310,1310,1137,1051,1051,964,878,878,791,791,705,705
144,2017,5,RIO BLANCO,LA YE,1825,2287,2133,1979,2133,3058,2287,2750,2904,2904,3829,3675,3675,3366,3366,3983,3212,3675,3366,3212,2904,2904,2287,2133,1979,1825,1670,1670,1670,1516,1362
145,2017,6,CHINCHINA,CHINCHINA,17726,17261,16795,15864,15864,15864,19589,19589,21451,20520,19589,28901,22382,20520,19589,18658,17726,17261,17727,16796,19589,16330,24245,16796,15865,15865,27039,16796,15865,15865,
146,2017,6,CHINCHINA,CAJONES,4843,4843,4442,4442,4442,4442,5647,5245,5245,5245,4843,8457,6851,6450,6048,5245,5245,5245,5247,5247,4845,4845,6050,4444,4444,4444,5247,4845,4444,4444,
147,2017,6,CHINCHINA,ROMERALES,4660,4299,4299,4299,3939,3578,3939,5021,7907,6464,7907,15121,7907,7907,6464,5742,5021,5021,5021,5381,5742,5381,5381,5021,4660,4660,5021,5021,4299,4299,
148,2017,6,CHINCHINA,LA MARIA,2035,1609,1182,1182,1182,1182,1609,2035,2461,2035,2035,6295,2887,2887,2461,2035,2035,2035,2035,2035,2461,2035,2461,1821,2035,1821,2035,1821,1608,1395,
149,2017,6,CHINCHINA,CALIFORNIA,3953,3039,3039,3039,2582,2125,3953,4410,8523,5781,5781,18575,8979,7609,6695,5781,4867,4867,5781,5781,6694,6238,7151,5324,5781,4867,5781,4867,3953,3953,
150,2017,6,RIO BLANCO,RIO BLANCO,7058,7058,6806,6644,6644,6644,6392,6996,7401,6644,6644,9165,7814,7814,7310,7121,6657,6950,6950,6950,6950,6950,8408,6698,6698,6545,9821,7751,7499,6995,
151,2017,6,RIO BLANCO,PINARES,2055,2055,2055,1926,1797,1797,1797,1926,2055,1797,1797,2700,2184,2055,1926,2691,2433,1926,1926,1926,1926,1926,2055,1797,1797,1797,1926,1797,1668,1668,
152,2017,6,RIO BLANCO,OLIVARES,618,618,618,618,618,618,618,618,791,618,618,1483,791,791,791,791,791,791,753,753,753,753,753,753,571,753,1116,753,753,753,
153,2017,6,RIO BLANCO,LA YE,1362,1362,1208,1208,1208,1054,1054,1362,1362,1362,1208,3058,1825,1670,1670,1516,1362,1208,1208,1208,1208,1208,1208,1208,1054,1054,1208,1208,1131,1054,
154,2017,7,CHINCHINA,CHINCHINA,14933,14933,15865,14933,14933,14933,14468,14002,14002,14002,14002,14002,13537,13071,13071,14002,15865,15865,14933,14933,14933,14933,14002,12140,12140,12140,12140,12140,12140,11674,11674
155,2017,7,CHINCHINA,CAJONES,4444,4444,4444,4444,4444,4444,4444,4444,4444,4042,4042,4042,4042,4042,4042,4042,4042,4042,4042,4042,4042,4042,4042,3641,3641,3641,3239,3239,3239,3239,3239
156,2017,7,CHINCHINA,ROMERALES,4299,3939,3939,3939,3578,3939,3578,3578,3578,3217,3217,3217,2856,2856,2856,2856,3578,2856,3578,2856,2856,2856,2856,2496,2496,2496,2496,2135,2135,2135,2135
157,2017,7,CHINCHINA,LA MARIA,1182,1182,1182,1182,1182,1182,969,756,756,1037,1037,1213,1037,861,861,861,1037,861,1037,861,686,686,686,686,686,686,686,686,686,686,686
158,2017,7,CHINCHINA,CALIFORNIA,3496,3039,3039,3039,3039,2582,2125,2125,2125,2187,1805,2187,1805,1423,1423,1423,1805,1423,1805,1040,1040,1040,1040,1779,1779,1779,1779,1590,1590,1590,1590
159,2017,7,RIO BLANCO,RIO BLANCO,6743,6743,6743,6590,6537,6537,6285,6078,6330,6330,6194,6086,6338,6086,6086,6086,6338,6338,6086,5834,5834,5582,5582,5582,5330,4979,4979,4979,4979,4979,5078
160,2017,7,RIO BLANCO,PINARES,1668,1668,1668,1668,1668,1668,1539,1539,1539,1410,1967,1799,1614,1614,1541,1614,1485,1485,1485,1485,1485,1485,1485,1485,1356,1356,1306,1306,1306,1306,1176
161,2017,7,RIO BLANCO,OLIVARES,753,753,753,571,571,571,390,390,390,390,390,390,390,390,390,390,390,390,390,390,390,390,390,390,390,390,390,390,390,390,390
162,2017,7,RIO BLANCO,LA YE,1054,1054,977,900,900,900,900,900,822,822,745,900,900,900,900,745,745,745,745,745,745,745,745,745,745,745,591,591,591,591,591
163,2017,8,CHINCHINA,CHINCHINA,11674,11674,11674,11674,12140,12140,12140,11209,11209,10743,11209,10743,10277,10277,10277,10277,10277,10743,21452,12140,12140,10743,10743,10929,12605,10743,12605,22383,14002,12140,11674
164,2017,8,CHINCHINA,CAJONES,3239,3239,3239,3641,3641,3641,3641,3239,3239,3239,3239,3239,3239,3239,3239,3239,3239,3239,4042,3641,3641,3239,3239,3239,4444,3239,3239,3641,3239,3239,3239
165,2017,8,CHINCHINA,ROMERALES,2135,2135,2135,2135,2135,2135,2135,1774,2135,1774,2135,1774,1774,1774,1774,1774,1774,2135,10071,3578,2496,2135,2135,2135,2135,1774,1774,2135,2135,2135,1774
166,2017,8,CHINCHINA,LA MARIA,686,686,510,686,686,686,686,510,686,510,686,686,510,510,510,510,510,686,2970,861,1037,686,686,686,686,510,510,686,686,686,686
167,2017,8,CHINCHINA,CALIFORNIA,1590,1590,1400,1779,1779,1590,1590,1400,1590,1400,1590,1400,1400,1211,1211,1211,1211,1590,5566,2726,1968,1590,1400,1400,1400,1211,1211,1590,1779,1779,1211
168,2017,8,RIO BLANCO,RIO BLANCO,5078,4826,4826,4979,5078,4826,4979,4475,4475,4223,4826,4475,4826,4223,4223,4421,4223,4223,8759,4727,8003,7499,4475,4223,4475,4223,4475,4727,4727,4475,4223
169,2017,8,RIO BLANCO,PINARES,1306,1113,1057,1057,1057,1057,1057,1001,945,945,945,945,1057,945,1001,888,728,857,1244,1098,986,728,857,857,857,857,857,913,720,664,888
170,2017,8,RIO BLANCO,OLIVARES,390,209,209,209,209,209,209,209,209,209,209,209,209,250,250,250,250,250,430,310,250,250,250,250,250,190,190,190,190,190,190
171,2017,8,RIO BLANCO,LA YE,591,591,591,591,591,591,591,591,591,591,591,591,591,591,514,514,514,514,1054,745,745,745,591,591,591,591,437,437,437,514,514
172,2017,9,CHINCHINA,CHINCHINA,11209,10277,10277,9540,9540,9540,9540,12098,12098,10819,9540,9540,9540,8900,18495,10819,10819,9540,9540,9540,8260,8260,8900,12098,9540,9540,8900,8900,8260,15936,
173,2017,9,CHINCHINA,CAJONES,3239,3239,3239,2802,2043,2423,2423,2802,3181,3560,2802,2802,2802,2423,3560,2423,2423,2802,3181,2802,2802,2802,2802,2802,2802,2802,2423,2423,2802,3560,
174,2017,9,CHINCHINA,ROMERALES,1774,1774,1774,1413,1413,1413,1413,2496,4299,7907,4299,2496,2496,3217,4299,3578,3578,2856,2496,2496,2856,3578,3939,3578,2856,2496,2496,2496,2135,5742,
175,2017,9,CHINCHINA,LA MARIA,510,686,510,686,510,510,334,1037,1037,1740,1213,861,861,861,1213,861,861,686,861,861,861,686,1213,1037,861,686,686,686,1389,2267,
176,2017,9,CHINCHINA,CALIFORNIA,1557,1557,1557,1482,1482,1482,1408,1928,1928,2596,2299,1854,1779,1928,2225,1854,1854,1854,1779,1779,1779,1779,2374,2076,1928,1779,1779,1779,2002,2893,
177,2017,9,RIO BLANCO,RIO BLANCO,4223,3971,3971,3971,3971,3818,3818,3818,4070,4070,3818,3818,5330,4322,5078,4574,4574,4322,4169,4169,3917,3818,3818,4421,4169,3368,3566,3566,3566,4574,
178,2017,9,RIO BLANCO,PINARES,664,664,664,608,608,608,664,664,664,664,664,664,664,664,664,664,664,664,720,720,720,720,720,720,720,664,664,664,664,1042,
179,2017,9,RIO BLANCO,OLIVARES,190,190,190,190,190,190,190,310,250,310,250,190,190,190,190,190,190,190,310,310,250,190,310,310,190,190,190,190,190,190,
180,2017,9,RIO BLANCO,LA YE,514,514,514,514,514,514,514,514,514,668,591,591,437,437,437,437,437,437,591,591,591,514,591,591,591,514,514,514,514,591,
181,2017,10,CHINCHINA,CHINCHINA,12098,13377,13377,12098,13377,54315,18495,14657,13377,13377,14657,13377,14657,13377,10819,13377,12098,12098,12098,10819,10819,12098,10819,10819,12098,13377,12098,12098,31288,14657,67108
182,2017,10,CHINCHINA,CAJONES,3940,3560,3560,3560,3560,8870,3940,3560,3560,4319,3560,2802,2802,3181,2802,3181,2802,2802,2802,2802,2802,2802,2802,2802,3560,4319,3560,3560,7353,4319,9628
183,2017,10,CHINCHINA,ROMERALES,5742,6103,4660,4299,3578,20172,7907,6103,4660,5742,6464,5742,5021,4660,4299,3939,4299,3578,3217,3217,3217,3578,5021,5742,7185,7185,6464,6464,15122,7185,10793
184,2017,10,CHINCHINA,LA MARIA,2267,1916,1916,1740,2267,5255,2619,2443,2092,2092,2092,1740,1564,1389,1389,1389,1389,1037,1037,1037,1037,1037,1916,2092,2092,2092,2443,2443,4552,2443,4728
185,2017,10,CHINCHINA,CALIFORNIA,2893,2671,2596,2522,2522,10652,4604,2596,3808,3967,4126,4444,3808,3330,3171,3171,3012,2694,2534,2375,2853,2853,4285,4285,4922,4604,4922,4922,6832,3116,4453
186,2017,10,RIO BLANCO,RIO BLANCO,4826,4826,4322,4574,5376,11378,6338,5330,5078,5483,5231,5483,5231,4826,4574,4322,4322,4070,4070,4070,4322,4322,3292,3292,3292,3444,3292,3292,5417,3747,5872
187,2017,10,RIO BLANCO,PINARES,913,1300,913,1171,3280,2158,1384,1255,1126,1311,1311,980,1311,1171,1042,1042,1042,913,913,913,1042,1042,913,913,913,1429,1171,1171,1687,1300,1945
188,2017,10,RIO BLANCO,OLIVARES,310,250,190,310,250,670,310,310,310,310,310,310,310,310,310,250,250,250,190,190,190,190,190,250,250,250,250,250,310,310,670
189,2017,10,RIO BLANCO,LA YE,745,591,591,745,900,2133,1054,900,900,900,900,900,822,822,822,745,745,745,668,668,668,745,745,745,745,745,745,745,900,900,1670
190,2017,11,CHINCHINA,CHINCHINA,22333,18495,15936,14657,17215,17215,15936,22333,21053,21053,22333,14657,15936,18495,28729,18495,47919,59432,49198,38963,30008,21053,28729,28729,27450,24891,22333,24891,24891,23612,
191,2017,11,CHINCHINA,CAJONES,5077,4319,4319,4319,4319,5077,4319,6594,5077,5836,5457,4319,4319,4319,6594,6594,8870,11145,15696,10387,8870,8870,7353,5836,5836,5077,5077,5836,4319,4319,
192,2017,11,CHINCHINA,ROMERALES,6824,6103,5021,5742,5742,5742,5742,6824,6103,10793,7546,6464,5742,6103,9710,10071,15843,17286,13679,14400,10793,9350,8989,7907,7185,7185,6824,6824,6103,5742,
193,2017,11,CHINCHINA,LA MARIA,2619,2267,2092,2092,2795,2795,1740,2092,2092,2443,2795,2619,2619,1740,2795,3498,4201,5783,4728,4377,3849,3498,2970,3498,2970,3322,2795,2795,2619,2443,
194,2017,11,CHINCHINA,CALIFORNIA,3042,2893,2819,2745,3042,3042,2819,2893,2893,3562,3116,6236,10493,3649,5559,7787,9060,11607,10652,8423,7468,6514,5877,5559,4922,10333,4763,4763,4604,4285,
195,2017,11,RIO BLANCO,RIO BLANCO,4354,4051,3899,3899,4506,4354,4203,5720,4611,4810,5872,5265,4810,4658,5113,5417,7237,6250,5947,5947,5850,5290,4986,4736,5225,4921,5568,4769,4769,4769,
196,2017,11,RIO BLANCO,PINARES,1429,1300,1429,1300,1300,1300,1300,2590,2725,2461,2461,2332,913,913,2719,2927,3345,4377,3474,3345,3087,2829,2829,2571,2442,2313,2442,2313,2184,2184,
197,2017,11,RIO BLANCO,OLIVARES,310,310,310,310,310,250,250,430,370,430,430,430,310,310,670,670,1150,1750,1390,1390,1390,1030,1030,790,790,790,790,670,610,550,
198,2017,11,RIO BLANCO,LA YE,900,1054,900,1054,1208,1208,1208,1516,1362,1825,1825,1516,1362,1285,3058,2441,3675,5525,2441,2750,2133,1670,2904,2750,2596,2287,2287,2133,2133,1979,
199,2017,12,CHINCHINA,CHINCHINA,17215,19774,19774,21053,21053,18495,17215,15936,15936,18495,22333,26170,27450,19774,17215,15936,15936,15936,15936,14657,15936,15936,15936,14657,14657,14657,14657,15936,21053,21053,17215
200,2017,12,CHINCHINA,CAJONES,4319,4698,4319,4319,4319,4319,3560,3560,3560,3560,6594,5077,7353,5077,5077,4319,4319,4319,3560,3560,4319,4319,3560,3560,3560,3560,3560,4319,6594,5077,5077
201,2017,12,CHINCHINA,ROMERALES,6464,7185,5021,6464,5381,5381,4660,5021,5021,7907,10071,9350,10071,7546,6464,5742,5742,5021,5021,4299,3939,3939,3939,3939,3939,3939,4299,5742,7907,7546,6824
202,2017,12,CHINCHINA,LA MARIA,2619,2443,2619,2267,2092,1916,2092,2443,2443,3849,4201,3498,3673,2970,2795,2443,2443,2092,1916,1740,1564,1564,1389,1389,1389,1213,1389,2092,2443,2092,1740
203,2017,12,CHINCHINA,CALIFORNIA,4444,4285,4285,4285,4126,3967,3967,3967,3967,5877,7468,5240,6514,6354,4763,4444,4444,3967,3808,3649,3489,3489,3330,3330,3330,3171,3330,3967,5081,4763,4444
204,2017,12,RIO BLANCO,RIO BLANCO,4769,4618,4915,4611,4763,4717,4460,4163,4163,4163,4314,4466,4618,4163,4011,4011,3859,4203,4051,4051,3899,3899,3747,3747,3596,3899,3899,4051,4354,4354,4354
205,2017,12,RIO BLANCO,PINARES,2184,2313,2184,2055,2055,2055,1797,1797,1797,1797,2055,2055,2055,2055,2055,2055,2055,1926,1926,1926,1797,1797,1797,1668,1668,1797,1797,1926,2055,2055,2055
206,2017,12,RIO BLANCO,OLIVARES,550,790,550,490,490,430,310,310,430,430,910,550,550,550,430,430,430,430,430,430,370,370,370,370,370,370,370,370,670,790,550
207,2017,12,RIO BLANCO,LA YE,1825,1979,1670,1670,1516,1362,1362,1285,1208,1516,1979,1670,1670,1670,1516,1516,1362,1362,1362,1362,1208,1208,1054,1054,1054,1054,1054,1054,1825,1979,1670
208,2018,1,CHINCHINA,CHINCHINA,17215,21053,17215,15936,15936,15936,13377,13377,14657,24891,14657,14657,31288,15936,17215,15936,14657,30008,23612,15936,15936,14657,13377,13377,12098,12098,13377,13377,13377,12098,12098
209,2018,1,CHINCHINA,CAJONES,5077,5077,4319,4319,4319,3560,3560,3560,3560,6594,4319,4319,6594,5077,4319,4319,4319,5077,3560,3560,3560,3560,3181,3181,2802,2802,3181,2802,2802,2802,2043
210,2018,1,CHINCHINA,ROMERALES,6464,7185,6464,6824,6464,5742,5021,4660,4660,7907,6464,5742,6103,5381,5021,5021,4660,5021,4660,4299,4299,3939,3578,3217,3217,2856,2135,2135,3217,3939,3217
211,2018,1,CHINCHINA,LA MARIA,2443,2443,2092,2092,2092,2092,1916,1916,1389,2619,2092,1916,1740,1564,1389,1389,1389,2092,1740,1740,1740,1389,1389,1213,1037,1037,1037,1037,1213,1037,861
212,2018,1,CHINCHINA,CALIFORNIA,4763,4922,4444,4285,4285,3808,4126,4126,3489,5399,4444,4126,3967,3649,3649,3649,3330,3967,3649,3489,3489,3012,3012,2853,2853,2694,2534,2534,2853,3012,2694
213,2018,1,RIO BLANCO,RIO BLANCO,4203,4354,4354,4203,4354,4255,4005,4051,4051,5113,4658,4354,6327,4961,4506,4354,4354,4658,4506,4506,4203,4203,4150,3899,3899,3747,3747,3747,3747,3596,3747
214,2018,1,RIO BLANCO,PINARES,1926,2055,1926,1926,1926,1926,1926,1926,1797,2184,2055,2055,2184,2055,2055,1926,1926,2055,1926,1926,1926,1797,1797,1797,1797,1797,1668,1668,1668,1668,1668
215,2018,1,RIO BLANCO,OLIVARES,550,790,670,550,550,670,730,550,550,670,550,550,670,550,430,430,430,430,430,430,430,430,430,430,430,430,430,430,430,370,370
216,2018,1,RIO BLANCO,LA YE,1670,2133,1825,1825,1670,1825,1825,1670,1670,1825,1670,1516,1825,1670,1362,1362,1362,1362,1362,1285,1208,1208,1208,1208,1208,1208,1208,1208,1208,1054,1054
217,2018,2,CHINCHINA,CHINCHINA,13377,14657,13377,14657,17215,15936,14657,13377,13377,10819,13377,12738,10819,9540,13377,14657,12098,14657,14657,12098,13377,14657,14657,22333,28729,18495,13377,14657,,,
218,2018,2,CHINCHINA,CAJONES,2802,3560,3181,3560,5077,3560,3560,3560,3181,3181,4319,3181,2802,2802,3560,3560,3560,3560,3560,3560,4319,4319,5077,5077,7353,5077,5077,5077,,,
219,2018,2,CHINCHINA,ROMERALES,2856,2856,3578,3578,5021,4660,4660,3939,3578,2856,2856,2856,3217,3217,4299,4299,5381,4299,7185,4299,7185,6464,5742,10071,10071,7907,6824,6824,,,
220,2018,2,CHINCHINA,LA MARIA,861,861,686,686,2795,1389,1213,1037,1037,1037,1037,861,1037,861,1037,861,1564,1389,2795,1389,1564,5255,2092,5607,3849,2092,1916,1740,,,
221,2018,2,CHINCHINA,CALIFORNIA,2534,2534,2534,2534,4444,3649,3649,3012,2853,2694,2694,2534,2853,2534,3330,3012,3489,3330,4922,3489,4763,8742,4285,8742,6832,4922,4285,4285,,,
222,2018,2,RIO BLANCO,RIO BLANCO,3596,3596,4203,3899,3899,3747,3747,3747,3596,3596,3596,4574,4322,4322,4574,6086,4826,4574,4826,4826,4070,5330,5078,8858,10370,5843,6086,5834,,,
223,2018,2,RIO BLANCO,PINARES,1668,1668,1797,1797,1926,2055,1281,1281,1281,1281,1281,1281,1152,1152,1152,1410,1281,1668,1668,1668,1668,1926,1797,2571,2700,1797,1797,1668,,,
224,2018,2,RIO BLANCO,OLIVARES,310,310,310,310,310,430,430,310,310,310,310,310,430,310,310,310,310,550,550,430,550,670,670,790,910,790,550,430,,,
225,2018,2,RIO BLANCO,LA YE,900,900,900,900,900,1208,1208,1208,1208,1208,1054,1054,1208,1054,1208,1208,1208,2441,1979,1979,2133,2287,1825,2287,2750,2210,1979,1979,,,
226,2018,3,CHINCHINA,CHINCHINA,14657,15936,15936,15936,13377,17215,14657,13377,13377,12098,10819,12098,12098,10819,10179,10819,10819,10819,10819,12098,10819,10819,12098,47919,14657,23612,17215,17215,19774,21053,19774
227,2018,3,CHINCHINA,CAJONES,4319,4319,4319,3560,3560,3560,3560,3560,3560,3560,3560,2802,2802,2802,2802,2802,2802,2802,2802,2802,2802,2802,2802,10387,3560,4319,3560,3560,4319,4319,4319
228,2018,3,CHINCHINA,ROMERALES,5742,5381,5021,5021,5742,5381,4660,4299,4299,3939,3578,3578,3578,3217,3217,2856,3578,3578,3578,3217,3217,3217,3217,27387,4299,5742,5021,8628,7185,6824,7185
229,2018,3,CHINCHINA,LA MARIA,1564,1389,1389,2092,1389,1389,1213,1213,1213,1213,1037,861,861,861,686,686,686,686,686,1037,1037,1564,1564,6837,2795,2443,1916,2092,2092,2267,2970
230,2018,3,CHINCHINA,CALIFORNIA,3171,3489,3330,3967,3808,3649,3489,3171,3012,3012,2853,2694,2694,2534,2375,2375,2375,2375,2375,2534,2534,2694,2853,10970,4444,4285,3649,3330,3012,3649,3967
231,2018,3,RIO BLANCO,RIO BLANCO,5834,5582,5330,5078,5078,5078,4826,4574,4574,4322,4322,4322,4070,4070,3818,3818,3818,4070,4070,4070,4070,3818,4070,11630,4574,2625,4574,4826,5078,4826,5078
232,2018,3,RIO BLANCO,PINARES,1539,1539,1539,1539,1410,1410,1410,1410,1410,1281,1281,1281,1281,1281,1281,1152,1152,1152,1152,1152,1152,1152,1152,1797,1152,1152,1152,1281,1281,1281,1281
233,2018,3,RIO BLANCO,OLIVARES,430,430,430,430,430,430,430,430,430,430,310,310,310,310,310,310,310,310,310,250,250,250,250,1150,790,790,790,310,550,430,430
234,2018,3,RIO BLANCO,LA YE,1979,1825,1670,1670,1362,1362,1362,1208,1208,1208,1054,1054,900,900,900,900,900,900,900,900,900,900,900,1979,1054,900,900,900,1208,1054,1208
235,2018,4,CHINCHINA,CHINCHINA,22333,27450,27450,26170,21053,41522,27450,26170,26170,23612,28729,28729,26170,27450,26170,23612,23612,22333,22333,21053,18495,18495,19774,19774,18495,19774,18495,22333,33846,21053,
236,2018,4,CHINCHINA,CAJONES,5836,5836,5836,5077,5077,7353,5836,5077,5077,5077,5077,6594,5836,5836,5836,5836,4319,5077,5077,5077,4319,4319,4319,4319,4319,4319,4319,5077,5836,4319,
237,2018,4,CHINCHINA,ROMERALES,12957,27387,24501,23779,25222,27387,22337,21615,21615,,,,,,,,11788,9662,14977,11788,10725,10725,,,,,,,,,
238,2018,4,CHINCHINA,LA MARIA,5255,4552,3673,3322,4377,4728,3673,3498,3498,2970,2795,4377,2795,3498,2970,2970,2795,2443,2267,2092,1916,1916,1740,1740,2092,2443,2092,2443,2795,2092,
239,2018,4,CHINCHINA,CALIFORNIA,8105,6514,5559,5559,5559,5877,4763,4604,6978,4563,5771,11808,7582,10600,9091,7884,6978,6374,6978,5469,4563,4563,10477,9902,10765,11340,10190,11340,7025,11340,
240,2018,4,RIO BLANCO,RIO BLANCO,7346,6239,6293,6338,7346,7598,7598,6086,6086,6590,6590,7850,6239,6743,5987,6842,6338,6338,6086,6086,6086,6086,6239,5735,5834,6086,5834,6590,7445,6086,
241,2018,4,RIO BLANCO,PINARES,1410,1668,1797,1668,2055,1410,2055,1926,1926,2055,1926,2055,1797,1926,1926,2055,1926,1926,1926,1797,1797,1797,1668,1668,1668,1668,1668,1926,2055,1668,
242,2018,4,RIO BLANCO,OLIVARES,550,550,550,430,670,550,550,550,550,430,430,670,430,430,430,550,670,550,430,430,430,430,430,620,430,430,310,310,430,310,
243,2018,4,RIO BLANCO,LA YE,1516,1516,1362,1362,1516,1825,1825,1516,1516,1516,1516,2133,1670,1670,1979,1979,2287,2133,1979,1825,1670,1670,1516,1362,1362,1516,1362,1362,1516,1362,
244,2018,5,CHINCHINA,CHINCHINA,19774,53036,22333,22333,23612,23612,27450,59432,41522,36405,36405,27450,37684,65829,49198,38963,35126,33846,33846,33846,30008,30008,46639,26170,30008,28729,24891,27450,21053,24891,23612
245,2018,5,CHINCHINA,CAJONES,4319,7353,4319,4319,5836,5836,7353,8870,8870,8870,7353,5836,7353,8870,8870,7353,7353,5836,6594,5836,5836,5836,8111,5077,4319,5077,5077,5077,4319,5836,4319
246,2018,5,CHINCHINA,ROMERALES,8728,13940,10217,9473,8728,8728,13195,11706,17662,18407,12451,12451,9473,16918,13940,12451,11706,10962,10217,10217,7239,6867,13940,7239,6867,5750,7239,7239,6495,6495,6495
247,2018,5,CHINCHINA,LA MARIA,2092,2795,2619,2619,2619,2443,5958,3673,4904,4201,3849,3146,3146,4552,4201,4025,3673,3498,3146,3498,2795,2795,3146,2443,2267,2092,2092,2795,2267,2619,2092
248,2018,5,CHINCHINA,CALIFORNIA,6464,8190,6752,6176,6176,5889,11643,8766,11643,9629,9341,8478,8478,15095,13944,11355,10779,10204,8766,8190,7615,7039,11067,6752,6464,5889,5889,8190,6464,7902,6464
249,2018,5,RIO BLANCO,RIO BLANCO,5582,6338,5834,5834,6086,6086,10469,7859,8111,9119,7607,7355,7103,9119,10127,9119,9119,8363,7607,7355,7103,7103,7355,7103,6851,6851,7859,8363,7103,8111,7355
250,2018,5,RIO BLANCO,PINARES,1539,1539,1539,1539,1539,1539,1926,2055,1797,1926,1797,1797,1797,2055,2184,2055,2055,1926,1797,1797,1797,1797,1797,1797,1668,1668,1668,1668,1668,1668,1539
251,2018,5,RIO BLANCO,OLIVARES,310,310,550,430,310,430,550,670,550,550,550,430,430,550,670,550,670,670,670,550,430,430,550,430,430,370,310,310,310,430,430
252,2018,5,RIO BLANCO,LA YE,1208,1285,1825,1670,1516,1439,1670,2441,2287,2287,2287,2133,1979,2441,2287,2287,2287,2133,2133,1825,1825,1670,1825,1670,1670,1516,1516,1516,1362,1362,1208
253,2018,6,CHINCHINA,CHINCHINA,23612,26170,26170,24891,28729,26170,27450,21053,21053,27450,26170,26170,21053,22333,18495,18495,18495,17215,15936,14657,14657,14657,14657,14657,19774,15936,18495,21053,19774,22333,
254,2018,6,CHINCHINA,CAJONES,4319,4319,5077,3560,4319,3560,4319,4319,3560,3560,3560,3560,3560,3560,3560,2802,2802,3560,3560,3560,3560,3560,3560,3560,3560,3560,3560,3560,3560,5077,
255,2018,6,CHINCHINA,ROMERALES,7239,7984,7239,7239,6495,4261,4261,2772,3517,3517,5082,5082,4883,4883,4684,5082,5082,4286,4286,4088,3889,3889,3889,3889,3889,3889,3690,4286,4088,3889,
256,2018,6,CHINCHINA,LA MARIA,4552,3322,2443,2092,2443,2092,2092,1740,1389,1389,1213,1389,1213,1213,1037,1389,1389,861,861,861,861,861,861,861,1389,861,1564,1037,861,1037,
257,2018,6,CHINCHINA,CALIFORNIA,12218,7902,7039,6464,6464,5889,5889,5313,4738,4162,4738,5025,4450,4450,4162,4450,4450,3875,3587,3299,3299,3299,3299,3299,3299,3012,4738,3587,3587,3299,
258,2018,6,RIO BLANCO,RIO BLANCO,6851,6851,8615,7346,6590,6590,6590,6338,6091,6338,6338,5834,6086,5834,5834,6086,6086,5834,5834,5834,5582,5582,5582,6086,5834,5582,5330,6338,6338,6338,
259,2018,6,RIO BLANCO,PINARES,1539,1539,1539,1539,1539,1410,1410,1281,1281,1410,1410,1281,1281,1281,1281,1281,1281,1152,1152,1023,1023,1023,1023,1023,1023,1023,1023,1023,1152,1152,
260,2018,6,RIO BLANCO,OLIVARES,430,430,430,430,370,370,370,370,370,310,310,310,310,310,310,310,310,310,310,310,310,310,310,310,310,310,310,310,430,430,
261,2018,6,RIO BLANCO,LA YE,1208,1208,1208,1208,1516,1208,1208,1054,1054,1054,1054,1054,1054,1054,900,900,900,900,900,900,745,745,745,745,745,745,745,745,900,900,
262,2018,7,CHINCHINA,CHINCHINA,18495,18495,33846,21053,23612,23612,24891,28729,23612,18495,15936,19774,17215,19774,18495,15936,15936,15936,15936,15936,15936,14657,14657,14657,13377,21053,15936,17215,15936,15936,18495
263,2018,7,CHINCHINA,CAJONES,3560,2802,4319,3560,3560,3560,3560,3560,3560,3560,3560,3560,2802,3560,2802,2802,2802,2802,2802,2802,2802,2802,2802,2802,2802,2802,2802,3560,2802,2802,3560
264,2018,7,CHINCHINA,ROMERALES,3889,3889,4485,5082,4684,4286,4088,3889,3889,3690,4286,4286,3889,3690,3690,3345,2891,2891,2891,2891,2891,2891,2437,2437,2437,2210,2437,4934,2437,2891,4707
265,2018,7,CHINCHINA,LA MARIA,1037,1037,1037,1213,1037,861,686,510,686,686,1037,1037,686,686,686,686,686,686,686,686,510,510,510,334,334,334,510,686,686,510,1037
266,2018,7,CHINCHINA,CALIFORNIA,3587,3012,4162,4162,3587,3299,3012,2436,3012,3012,3299,3587,3012,3012,3012,3012,2436,2436,2436,2436,2436,2436,2148,2148,2148,2148,2148,3875,2436,2148,4162
267,2018,7,RIO BLANCO,RIO BLANCO,6590,6338,7413,6153,6338,6086,6086,5834,5834,5834,5582,5582,5330,5330,5330,4786,4530,4786,4786,4786,4786,4786,4786,4786,4275,4275,5042,6066,5042,5042,5554
268,2018,7,RIO BLANCO,PINARES,1152,1152,2287,1771,1023,1023,1023,1023,894,894,894,894,894,894,894,894,894,894,894,894,894,894,894,894,894,765,894,894,894,894,894
269,2018,7,RIO BLANCO,OLIVARES,310,310,430,310,310,310,310,250,310,310,310,310,250,250,250,310,250,250,250,250,250,250,190,250,190,190,190,190,190,190,310
270,2018,7,RIO BLANCO,LA YE,745,900,1054,900,900,900,745,745,745,745,745,745,745,745,745,745,591,591,591,745,591,591,591,591,591,591,591,591,591,591,745
271,2018,8,CHINCHINA,CHINCHINA,15936,19774,13377,33846,51756,21053,17215,17215,17215,14657,14657,14657,14657,15936,,,,,,,,,,,,,,,,,
272,2018,8,CHINCHINA,CAJONES,2802,3560,3560,4319,5077,3560,3181,2802,2802,2043,2043,2043,2043,2802,,,,,,,,,,,,,,,,,
273,2018,8,CHINCHINA,ROMERALES,4026,4026,3799,5616,5616,4480,3345,4253,3345,3345,3118,3118,2891,2891,,,,,,,,,,,,,,,,,
274,2018,8,CHINCHINA,LA MARIA,686,861,686,1740,1740,861,861,861,861,686,686,686,510,510,,,,,,,,,,,,,,,,,
275,2018,8,CHINCHINA,CALIFORNIA,3587,4450,3587,5889,5889,4162,4162,3299,3012,2724,2148,2148,2148,2148,,,,,,,,,,,,,,,,,
276,2018,8,RIO BLANCO,RIO BLANCO,4786,5298,5042,7345,9393,5554,5298,4786,4530,4275,4275,4019,3862,3763,,,,,,,,,,,,,,,,,
277,2018,8,RIO BLANCO,PINARES,894,765,765,894,1023,765,765,765,857,649,649,649,520,520,,,,,,,,,,,,,,,,,
278,2018,8,RIO BLANCO,OLIVARES,310,190,209,310,550,310,190,310,190,190,190,190,190,190,,,,,,,,,,,,,,,,,
279,2018,8,RIO BLANCO,LA YE,745,591,591,745,1054,591,591,591,591,591,591,591,591,591,,,,,,,,,,,,,,,,,
